,,,,SENIN1,SENIN2,SENIN3,SENIN4,SENIN5,,SENIN6,SENIN,SENIN6,SENIN7,SENIN8,SENIN9,SENIN8,SENIN,SENIN10,SENIN11,,,SELASA0,SELASA1,SELASA2,SELASA3,SELASA4,SELASA,SELASA5,SELASA6,SELASA,SELASA7,SELASA8,SELASA9,SELASA10,SELASA,SELASA11,SELASA12,,RABU0,RABU1,RABU2,RABU3,RABU4,RABU,RABU5,RABU6,RABU,RABU7,RABU8,RABU9,RABU10,RABU,RABU11,RABU12,,,KAMIS0,KAMIS1,KAMIS2,KAMIS3,KAMIS4,KAMIS,KAMIS5,KAMIS6,KAMIS,KAMIS7,KAMIS8,KAMIS9,KAMIS10,KAMIS,KAMIS11,KAMIS12,,JUM'AT0,JUM'AT1,JUM'AT2,JUM'AT3,JUM'AT4,JUM'AT5,JUM'AT6,JUM'AT,JUM'AT7,JUM'AT8,JUM'AT9,JUM'AT10,JUM'AT,JUM'AT11,JUM'AT12,JUM'AT,,,,,,,,,,,,,,,,,,,,,,,
A,B,C,D,E,F,G,H,I,J,K,L,M,N,O,P,Q,R,S,T,,U,V,W,X,Y,Z,AA,AB,AC,AD,AE,AF,AG,AH,AI,AJ,AK,AL,AM,AO,AP,AQ,AR,AS,AT,AU,AV,AW,AX,AY,AZ,BA,BB,BC,BD,,BE,BF,BG,BH,BI,BJ,BK,BL,BM,BN,BO,BP,BQ,BR,BS,BT,BU,BV,BW,BX,BY,BZ,CA,CB,CC,CD,CE,CF,CG,CH,CI,CJ,CK,,,,,,,,,,,,,,,,,,,,,,,
,,,,SENIN,SENIN,SENIN,SENIN,SENIN,SENIN,SENIN,SENIN,SENIN,SENIN,SENIN,SENIN,SENIN,SENIN,SENIN,,,SELASA,SELASA,SELASA,SELASA,SELASA,SELASA,SELASA,SELASA,SELASA,SELASA,SELASA,SELASA,SELASA,SELASA,SELASA,SELASA,,RABU,RABU,RABU,RABU,RABU,RABU,RABU,RABU,RABU,RABU,RABU,RABU,RABU,RABU,RABU,RABU,RABU,,,KAMIS,KAMIS,KAMIS,KAMIS,KAMIS,KAMIS,KAMIS,KAMIS,KAMIS,KAMIS,KAMIS,KAMIS,KAMIS,KAMIS,KAMIS,KAMIS,,JUM'AT,JUM'AT,JUM'AT,JUM'AT,JUM'AT,JUM'AT,JUM'AT,JUM'AT,JUM'AT,JUM'AT,JUM'AT,JUM'AT,JUM'AT,JUM'AT,JUM'AT,,,,,,,,,,,,,,,,,,,,,,,,
No.,KELAS,JAM KE,,1,2,3,4,5,,6,7,8,9,10,11,12,11,12,,PEMBIASAAN,1,2,3,4,5,,6,7,8,9,10,11,12,,13,14,,1,2,3,4,5,,6,7,8,9,10,11,12,,12,13,12,,PEMBIASAAN,1,2,3,4,5,,6,7,8,9,10,11,12,,12,,,1,2,3,4,5,6,7,,8,9,10,11,,12,,,,,,,,,,,,,,,,,,,,,,,,,
,,WAKTU,,06.30 - 07.15,07.15 - 08.00,08.00 - 08.45,08.45 - 09.30,09.30 - 10.15,10.15 - 10.30,10.30 - 11.15,11.15 - 12.00,12.00 - 12.45,12.45 - 13.30,13.30 - 14.15,14.15 - 15.00,15.00 - 15.45,16.00 - 16.45,16.45 - 17.30,,06.30-06.45,06.45 - 07.30,07.30 - 08.15,08.15 - 09.00,09.00 - 09.45,09.45 - 10.30,10.30 - 10.45,10.45 - 11.30,11.30 - 12.15,12.15 - 13.00,13.00 - 13.45,13.45 - 14.30,14.30 - 1515,15.15 - 16.00,16.00 - 16.45,16.45 - 17.30,,,06.30 - 07.15,07.15 - 08.00,08.00 - 08.45,08.45 - 09.30,09.30 - 10.15,10.15 - 10.30,10.30 - 11.15,11.15 - 12.00,12.00 - 12.45,12.45 - 13.30,13.30 - 14.15,14.15 - 15.00,15.00 - 15.45,15.45 - 16.00,16.00 - 16.45,16.45 - 17.30,16.30 - 17.15,,06.30-06.45,06.45 - 07.30,07.30 - 08.15,08.15 - 09.00,09.00 - 09.45,09.45 - 10.30,10.30 - 10.45,10.45 - 11.30,11.30 - 12.15,12.15 - 13.00,13.00 - 13.45,13.45 - 14.30,14.30 - 1515,15.15 - 16.00,16.00 - 16.45,16.45 - 17.30,,,06.30 - 07.15,07.15 - 08.00,08.00 - 08.45,08.45 - 09.30,09.30 - 10.15,10.15-11.00,11.00 - 11.45,11.45 - 13.00,13.00 - 13.45,13.45 - 14.30,14.30 - 15.15,15.15 - 16.00,16.00 - 16.15,16.15 - 17.00,,,,PABP,PPAN,BIND,PJOK,SJRH,SBDY,BSUN,MATH,BING,INFR,IPAS,DPK,KIMIA,,,,,TUGAS MANDIRI,,BPBK,,
,X KA 1,MAPEL,6,UPACARA/,DPK,DPK,DPK,DPK,,DPK,DPK,ISTIRAHAT,DPK,DPK,DPK,DPK,,,,TADARUS &,PJOK,PJOK,BSUN,BSUN,PABP,,PABP,PABP,ISTIRAHAT,BPBK,BING,BING,TUGAS MANDIRI,,,,,SHOLAT ,KIMIA,KIMIA,IPAS,IPAS,,MATH,MATH,ISTIRAHAT,BIND,BIND,SJRH,SJRH,,,,,,TADARUS &,BING,BING,SBDY,SBDY,INFR,,INFR,PPAN,ISTIRAHAT,PPAN,TUGAS MANDIRI,TUGAS MANDIRI,TUGAS MANDIRI,,,,,SENAM &,DPK,DPK,MATH,MATH,IPAS,IPAS,ISTIRAHAT,INFR,INFR,BIND,BIND,,,,,,3,2,4,2,2,2,2,4,4,4,4,12,2,0,0,0,0,4,0,1,52,
,,RUANG,7,PERWALIAN,R.DPK,R.DPK,R.DPK,R.DPK,I,R.DPK,R.DPK,DZUHUR,R.DPK,R.DPK,R.DPK,R.DPK,,,,SARAPAN,LAP,LAP,R.44,R.44,R.44,I,R.44,R.44,DZUHUR,R.44,R.44,R.44,,,,,,DHUHA &,R.44,R.44,R.44,R.44,I,R.44,R.44,DZUHUR,R.44,R.44,R.44,R.44,,,,,,LITERASI ,R.44,R.44,R.44,R.44,R.34,I,R.34,R.44,DZUHUR,R.44,,,,,,,,JUMAT BERSIH,R.44,R.44,R.44,R.44,R.44,R.44,DZUHUR,R.34,R.34,R.44,R.44,I,,,,,,,,,,,,,,,,,,,,,,,,,,
,,GURU,8,,ULI,ULI,ULI,ULI,,ULI,ULI,MESJID,ULI,ULI,ULI,ULI,,,,BERGIZI,YENI,YENI,RANI,RANI,SAMSU,,SAMSU,SAMSU,MESJID,HALIDA,UJANG,UJANG,DI KELAS,,,,,TADARUS,TESSA,TESSA,OMAN,OMAN,,NADIA,NADIA,MESJID,MELI,MELI,APRIL,APRIL,,,,,,DI KELAS,UJANG,UJANG,ADIW,ADIW,SABILA,,SABILA,SUKMA,MESJID,SUKMA,DI KELAS,DI KELAS,DI KELAS,,,,,,ULI,ULI,NADIA,NADIA,OMAN,OMAN,MESJID,SABILA,SABILA,MELI,MELI,,,,,,,,,,,,,,,,,,,,,,,,,,,
,,,9,,,,SUGI,SUGI,,SUGI,SUGI,,SUGI,SUGI,SUGI,SUGI,,,,DI KELAS,,,,,,,,,,,,,,,,,,DI LAPANG,,,,,,,,,,,,,,,,,,,,,,,,,,,,,,,,,,,,,,,,,,,,,,,,,,,,,,,,,,,,,,,,,,,,,,,,,,
,,,10,,,,,,S,,,,,,,,,,,,,,,,,S,,,,,,,,,,,,,,,,,S,,,,,,,,,,,,,,,,,,,S,,,,,,,,,,,,,,,,,,,,,,,,S,,,,,,,,,,,,,,,,,,,,,,,,,,
,X KA 2,MAPEL,11,UPACARA/,PABP,PABP,PABP,KIMIA,,KIMIA,BPBK,ISTIRAHAT,MATH,MATH,PPAN,PPAN,,,,TADARUS &,DPK,DPK,DPK,DPK,DPK,,DPK,DPK,ISTIRAHAT,DPK,DPK,DPK,TUGAS MANDIRI,,,,,SHOLAT ,BSUN,BSUN,INFR,INFR,,SJRH,SJRH,ISTIRAHAT,IPAS,IPAS,BIND,BIND,,,,,,TADARUS &,PJOK,PJOK,BING,BING,SBDY,,SBDY,INFR,ISTIRAHAT,INFR,TUGAS MANDIRI,TUGAS MANDIRI,TUGAS MANDIRI,,,,,SENAM &,BING,BING,DPK,DPK,MATH,MATH,ISTIRAHAT,BIND,BIND,IPAS,IPAS,,,,,,3,2,4,2,2,2,2,4,4,4,4,12,2,0,0,0,0,4,0,1,52,
,,RUANG,12,PERWALIAN,R.45,R.45,R.45,R.45,,R.45,R.45,DZUHUR,R.45,R.45,R.45,R.45,,,,SARAPAN,R.DPK,R.DPK,R.DPK,R.DPK,R.DPK,,R.DPK,R.DPK,DZUHUR,R.DPK,R.DPK,R.DPK,,,,,,DHUHA &,R.45,R.45,R.34,R.34,,R.45,R.45,DZUHUR,R.45,R.45,R.45,R.45,,,,,,LITERASI ,LAP,LAP,R.45,R.45,R.45,,R.45,R.34,DZUHUR,R.34,,,,,,,,JUMAT BERSIH,R.45,R.45,R.45,R.45,R.45,R.45,DZUHUR,R.45,R.45,R.45,R.45,,,,,,,,,,,,,,,,,,,,,,,,,,,
,,GURU,13,,SAMSU,SAMSU,SAMSU,TESSA,T,TESSA,HALIDA,MESJID,NADIA,NADIA,SUKMA,SUKMA,,,,BERGIZI,ULI,ULI,ULI,ULI,ULI,T,ULI,ULI,MESJID,ULI,ULI,ULI,DI KELAS,,,,,TADARUS,RANI,RANI,SABILA,SABILA,T,APRIL,APRIL,MESJID,OMAN,OMAN,MELI,MELI,,,,,,DI KELAS,YENI,YENI,UJANG,UJANG,ADIW,T,ADIW,SABILA,MESJID,SABILA,DI KELAS,DI KELAS,DI KELAS,,,,,,UJANG,UJANG,ULI,ULI,NADIA,NADIA,MESJID,MELI,MELI,OMAN,OMAN,T,,,,,,,,,,,,,,,,,,,,,,,,,,
,,,14,,,,,,,,,,,,,,,,,DI KELAS,,,TESSA,TESSA,TESSA,,TESSA,TESSA,,TESSA,TESSA,TESSA,,,,,,DI LAPANG,,,,,,,,,,,,,,,,,,,,,,,,,,,,,,,,,,,,,,,,,,,,,,,,,,,,,,,,,,,,,,,,,,,,,,,,,,
,,,15,,,,,,,,,,,,,,,,,,,,,,,,,,,,,,,,,,,,,,,,,,,,,,,,,,,,,,,,,,,,,,,,,,,,,,,,,,,,,,,,,,,,,,,,,,,,,,,,,,,,,,,,,,,,,
,X KA 3,MAPEL,16,UPACARA/,KIMIA,KIMIA,IPAS,IPAS,I,INFR,INFR,ISTIRAHAT,BIND,BIND,BING,BING,,,,TADARUS &,MATH,MATH,PPAN,PPAN,DPK,I,DPK,PJOK,PJOK,ISTIRAHAT,BIND,BIND,TUGAS MANDIRI,,,,,SHOLAT ,DPK,DPK,DPK,DPK,I,DPK,DPK,ISTIRAHAT,DPK,DPK,DPK,DPK,,,,,,TADARUS &,SJRH,SJRH,INFR,INFR,BPBK,I,IPAS,IPAS,ISTIRAHAT,SBDY,SBDY,TUGAS MANDIRI,TUGAS MANDIRI,,,,,SENAM &,BSUN,BSUN,PABP,PABP,PABP,TUGAS MANDIRI,ISTIRAHAT,MATH,MATH,BING,BING,I,,,,,3,2,4,2,2,2,2,4,4,4,4,12,2,0,0,0,0,4,0,1,52,
,,RUANG,17,PERWALIAN,R.46,R.46,R.46,R.46,,R.46,R.46,DZUHUR,R.46,R.46,R.46,R.46,,,,SARAPAN,R.46,R.46,R.46,R.46,R.46,,R.46,LAP,LAP,DZUHUR,R.45,R.45,,,,,,DHUHA &,R.KUALI,R.KUALI,R.KUALI,R.KUALI,,R.KUALI,R.KUALI,DZUHUR,R.KUALI,R.KUALI,R.KUALI,R.KUALI,,,,,,LITERASI ,R.46,R.46,R.34,R.34,R.46,,R.46,R.46,DZUHUR,R.46,R.46,,,,,,,JUMAT BERSIH,R.46,R.46,R.46,R.46,R.46,,DZUHUR,R.46,R.46,R.46,R.46,,,,,,,,,,,,,,,,,,,,,,,,,,,
,,GURU,18,,TESSA,TESSA,OMAN,OMAN,,SABILA,SABILA,MESJID,MELI,MELI,UJANG,UJANG,,,,BERGIZI,NADIA,NADIA,TUBAGUS,TUBAGUS,SUGI,,SUGI,YENI,YENI,MESJID,MELI,MELI,DI KELAS,,,,,TADARUS,SUGI,SUGI,KIKI,KIKI,,KIKI,KIKI,MESJID,KIKI,KIKI,KIKI,KIKI,,,,,,DI KELAS,APRIL,APRIL,SABILA,SABILA,HALIDA,,OMAN,OMAN,MESJID,ADIW,ADIW,DI KELAS,DI KELAS,,,,,,RANI,RANI,SAMSU,SAMSU,SAMSU,DI KELAS,MESJID,NADIA,NADIA,UJANG,UJANG,,,,,,,,,,,,,,,,,,,,,,,,,,,
,,,19,,,,,,R,,,,,,,,,,,DI KELAS,,,,,,R,,,,,,,,,,,,DI LAPANG,,,SUGI,SUGI,R,SUGI,SUGI,,SUGI,SUGI,SUGI,SUGI,,,,,,,,,,,,R,,,,,,,,,,,,,,,,,,,,,,,,R,,,,,,,,,,,,,,,,,,,,,,,,,,
,,,20,,,,,,,,,,,,,,,,,,,,,,,,,,,,,,,,,,,,,,,,,,,,,,,,,,,,,,,,,,,,,,,,,,,,,,,,,,,,,,,,,,,,,,,,,,,,,,,,,,,,,,,,,,,,,
,X KA 4,MAPEL,21,UPACARA/,BIND,BIND,MATH,MATH,,BSUN,BSUN,ISTIRAHAT,KIMIA,KIMIA,IPAS,IPAS,,,,TADARUS &,INFR,INFR,BIND,BIND,MATH,,MATH,BPBK,ISTIRAHAT,PABP,PABP,PABP,TUGAS MANDIRI,,,,,SHOLAT ,DPK,DPK,DPK,DPK,,DPK,DPK,ISTIRAHAT,DPK,DPK,DPK,DPK,,,,,,TADARUS &,IPAS,IPAS,INFR,INFR,BING,,BING,SJRH,ISTIRAHAT,SJRH,PPAN,PPAN,TUGAS MANDIRI,,,,,SENAM &,PJOK,PJOK,BING,BING,DPK,DPK,ISTIRAHAT,SBDY,SBDY,TUGAS MANDIRI,TUGAS MANDIRI,,,,,,3,2,4,2,2,2,2,4,4,4,4,12,2,0,0,0,0,4,0,1,52,
,,RUANG,22,PERWALIAN,R.47,R.47,R.47,R.47,A,R.47,R.47,DZUHUR,R.47,R.47,R.47,R.47,,,,SARAPAN,R.34,R.34,R.47,R.47,R.47,A,R.47,R.47,DZUHUR,R.47,R.47,R.47,,,,,,DHUHA &,R.DPK,R.DPK,R.DPK,R.DPK,A,R.DPK,R.DPK,DZUHUR,R.DPK,R.DPK,R.DPK,R.DPK,,,,,,LITERASI ,R.47,R.47,R.47,R.47,R.47,A,R.47,R.47,DZUHUR,R.47,R.47,R.47,,,,,,JUMAT BERSIH,LAP,LAP,R.47,R.47,R.47,R.47,DZUHUR,R.47,R.47,,,A,,,,,,,,,,,,,,,,,,,,,,,,,,
,,GURU,23,,MELI,MELI,NADIA,NADIA,,RANI,RANI,MESJID,TESSA,TESSA,OMAN,OMAN,,,,BERGIZI,ERMA,ERMA,MELI,MELI,NADIA,,NADIA,HALIDA,MESJID,SAMSU,SAMSU,SAMSU,DI KELAS,,,,,TADARUS,ULI,ULI,TITA,TITA,,TITA,TITA,MESJID,TITA,TITA,TITA,TITA,,,,,,DI KELAS,OMAN,OMAN,ERMA,ERMA,UJANG,,UJANG,APRIL,MESJID,APRIL,SUKMA,SUKMA,DI KELAS,,,,,,YENI,YENI,UJANG,UJANG,ULI,ULI,MESJID,ADIW,ADIW,DI KELAS,DI KELAS,,,,,,,,,,,,,,,,,,,,,,,,,,,
,,,24,,,,,,,,,,,,,,,,,DI KELAS,,,,,,,,,,,,,,,,,,DI LAPANG,,,TESSA,TESSA,,TESSA,TESSA,,TESSA,TESSA,TESSA,TESSA,,,,,,,,,,,,,,,,,,,,,,,,,,,,,,,,,,,,,,,,,,,,,,,,,,,,,,,,,,,,,,
,,,25,,,,,,H,,,,,,,,,,,,,,,,,H,,,,,,,,,,,,,,,,,H,,,,,,,,,,,,,,,,,,,H,,,,,,,,,,,,,,,,,,,,,,,,H,,,,,,,,,,,,,,,,,,,,,,,,,,
,X KA 5,MAPEL,26,UPACARA/,MATH,MATH,BING,BING,,INFR,INFR,ISTIRAHAT,PPAN,PPAN,SJRH,SJRH,,,,TADARUS &,DPK,DPK,INFR,INFR,BING,,BING,BSUN,BSUN,ISTIRAHAT,TUGAS MANDIRI,TUGAS MANDIRI,TUGAS MANDIRI,,,,,SHOLAT ,BIND,BIND,BPBK,PABP,,PABP,PABP,ISTIRAHAT,MATH,MATH,IPAS,IPAS,,,,,,TADARUS &,DPK,DPK,DPK,DPK,DPK,,DPK,DPK,ISTIRAHAT,DPK,DPK,DPK,TUGAS MANDIRI,,,,,SENAM &,SBDY,SBDY,IPAS,IPAS,BIND,BIND,ISTIRAHAT,KIMIA,KIMIA,PJOK,PJOK,,,,,,3,2,4,2,2,2,2,4,4,4,4,12,2,0,0,0,0,4,0,1,52,
,,RUANG,27,PERWALIAN,R.48,R.48,R.48,R.48,,R.34,R.34,DZUHUR,R.48,R.48,R.48,R.48,,,,SARAPAN,R.48,R.48,R.48,R.48,R.48,,R.48,R.48,R.48,DZUHUR,,,,,,,,DHUHA &,R.48,R.48,R.48,R.48,,R.48,R.48,DZUHUR,R.48,R.48,R.48,R.48,,,,,,LITERASI ,R.DPK,R.DPK,R.DPK,R.DPK,R.DPK,,R.DPK,R.DPK,DZUHUR,R.DPK,R.DPK,R.DPK,,,,,,JUMAT BERSIH,R.48,R.48,R.48,R.48,R.48,R.48,DZUHUR,R.48,R.48,LAP,LAP,,,,,,,,,,,,,,,,,,,,,,,,,,,
,,GURU,28,,NADIA,NADIA,UJANG,UJANG,A,ERMA,ERMA,MESJID,SUKMA,SUKMA,APRIL,APRIL,,,,BERGIZI,TITA,TITA,ERMA,ERMA,UJANG,A,UJANG,RANI,RANI,MESJID,DI KELAS,DI KELAS,DI KELAS,,,,,TADARUS,MELI,MELI,HALIDA,SAMSU,A,SAMSU,SAMSU,MESJID,NADIA,NADIA,OMAN,OMAN,,,,,,DI KELAS,TITA,TITA,TITA,TITA,TITA,A,TITA,TITA,MESJID,TITA,TITA,TITA,DI KELAS,,,,,,ADIW,ADIW,OMAN,OMAN,MELI,MELI,MESJID,FERTIKA,FERTIKA,YENI,YENI,A,,,,,,,,,,,,,,,,,,,,,,,,,,
,,,29,,,,,,,,,,,,,,,,,DI KELAS,,,,,,,,,,,,,,,,,,DI LAPANG,,,,,,,,,,,,,,,,,,,,,KIKI,KIKI,KIKI,,KIKI,KIKI,,KIKI,KIKI,KIKI,,,,,,,,,,,,,,,,,,,,,,,,,,,,,,,,,,,,,,,,,,,,
,,,30,,,,,,,,,,,,,,,,,,,,,,,,,,,,,,,,,,,,,,,,,,,,,,,,,,,,,,,,,,,,,,,,,,,,,,,,,,,,,,,,,,,,,,,,,,,,,,,,,,,,,,,,,,,,,
,X KA 6,MAPEL,31,UPACARA/,DPK,DPK,INFR,INFR,T,IPAS,IPAS,ISTIRAHAT,PABP,PABP,PABP,TUGAS MANDIRI,,,,TADARUS &,BIND,BIND,BING,BING,BSUN,T,BSUN,MATH,MATH,ISTIRAHAT,PJOK,PJOK,TUGAS MANDIRI,,,,,SHOLAT ,INFR,INFR,SBDY,SBDY,T,BIND,BIND,ISTIRAHAT,SJRH,SJRH,MATH,MATH,,,,,,TADARUS &,PPAN,PPAN,IPAS,IPAS,KIMIA,T,KIMIA,BING,ISTIRAHAT,BING,BPBK,TUGAS MANDIRI,TUGAS MANDIRI,,,,,SENAM &,DPK,DPK,DPK,DPK,DPK,DPK,ISTIRAHAT,DPK,DPK,DPK,DPK,T,,,,,3,2,4,2,2,2,2,4,4,4,4,12,2,0,0,0,0,4,0,1,52,
,,RUANG,32,PERWALIAN,R.30,R.30,R.30,R.30,,R.30,R.30,DZUHUR,R.30,R.30,R.30,,,,,SARAPAN,R.30,R.30,R.30,R.30,R.30,,R.30,R.30,R.30,DZUHUR,LAP,LAP,,,,,,DHUHA &,R.34,R.34,R.30,R.30,,R.30,R.30,DZUHUR,R.30,R.30,R.30,R.30,,,,,,LITERASI ,R.30,R.30,R.30,R.30,R.30,,R.30,R.30,DZUHUR,R.30,R.30,,,,,,,JUMAT BERSIH,R.DPK,R.DPK,R.DPK,R.DPK,R.DPK,R.DPK,DZUHUR,R.DPK,R.DPK,R.DPK,R.DPK,,,,,,,,,,,,,,,,,,,,,,,,,,,
,,GURU,33,,KIKI,KIKI,ERMA,ERMA,,OMAN,OMAN,MESJID,SAMSU,SAMSU,SAMSU,DI KELAS,,,,BERGIZI,MELI,MELI,UJANG,UJANG,RANI,,RANI,NADIA,NADIA,MESJID,YENI,YENI,DI KELAS,,,,,TADARUS,ERMA,ERMA,ADIW,ADIW,,MELI,MELI,MESJID,APRIL,APRIL,NADIA,NADIA,,,,,,DI KELAS,SUKMA,SUKMA,OMAN,OMAN,FERTIKA,,FERTIKA,UJANG,MESJID,UJANG,HALIDA,DI KELAS,DI KELAS,,,,,,KIKI,KIKI,KIKI,KIKI,KIKI,KIKI,MESJID,KIKI,KIKI,KIKI,KIKI,,,,,,,,,,,,,,,,,,,,,,,,,,,
,,,34,,,,,,,,,,,,,,,,,DI KELAS,,,,,,,,,,,,,,,,,,DI LAPANG,,,,,,,,,,,,,,,,,,,,,,,,,,,,,,,,,,,,,,,GINA,GINA,GINA,GINA,,GINA,GINA,GINA,GINA,,,,,,,,,,,,,,,,,,,,,,,,,,,
,,,35,,,,,,,,,,,,,,,,,,,,,,,,,,,,,,,,,,,,,,,,,,,,,,,,,,,,,,,,,,,,,,,,,,,,,,,,,,,,,,,,,,,,,,,,,,,,,,,,,,,,,,,,,,,,,
,,,36,,,,,,,,,,,,,,,,,,,,,,,,,,,,,,,,,,,,,,,,,,,,,,,,,,,,,,,,,,,,,,,,,,,,,,,,,,,,,,,,,,,,,,,,PABP,PPAN,BIND,PJOK,SJRH,,BSUN,MATH,BING,,,ABO,ABA,ATG,AKI,STA,PKK,TUGAS MANDIRI,,BPBK,,
,XI KA 1,MAPEL,37,UPACARA/,BPBK,ATG,ATG,ATG,,ATG,ATG,ISTIRAHAT,ATG,ATG,ATG,ATG,,,,TADARUS &,PKK,PKK,PPAN,PPAN,ABO,,ABO,AKI,AKI,ISTIRAHAT,PJOK,PJOK,TUGAS MANDIRI,,,,,SHOLAT ,BING,BING,ABA,ABA,,STA,STA,ISTIRAHAT,PABP,PABP,PABP,TUGAS MANDIRI,,,,,,TADARUS &,BING,BING,AKI,AKI,AKI,,AKI,AKI,ISTIRAHAT,SJRH,SJRH,TUGAS MANDIRI,TUGAS MANDIRI,,,,,SENAM &,BIND,BIND,BIND,MATH,MATH,MATH,ISTIRAHAT,BSUN,BSUN,TUGAS MANDIRI,TUGAS MANDIRI,,,,,,3,2,3,2,2,0,2,3,4,0,0,2,2,9,7,2,2,6,0,1,52,
,,RUANG,38,PERWALIAN,R.ATG,R.ATG,R.ATG,R.ATG,I,R.ATG,R.ATG,DZUHUR,R.ATG,R.ATG,R.ATG,R.ATG,,,,SARAPAN,R.61,R.61,R.61,R.61,R.61,I,R.61,R.61,R.61,DZUHUR,LAP,LAP,,,,,,DHUHA &,R.61,R.61,R.61,R.61,I,R.61,R.61,DZUHUR,R.61,R.61,R.61,,,,,,,LITERASI ,R.61,R.61,R.AKIXI,R.AKIXI,R.AKIXI,I,R.AKIXI,R.AKIXI,DZUHUR,R.61,R.61,,,,,,,JUMAT BERSIH,R.61,R.61,R.61,R.61,R.61,R.61,DZUHUR,R.61,R.61,,,I,,,,,,,,,,,,,,,,,,,,,,,,,,
,,GURU,39,,HAZAR,ADE,ADE,ADE,,ADE,ADE,MESJID,ADE,ADE,ADE,ADE,,,,BERGIZI,TESSA,TESSA,ELA,ELA,RAHMI,,RAHMI,IAH,IAH,MESJID,TAUFIK,TAUFIK,DI KELAS,,,,,TADARUS,SHENDY,SHENDY,ELA.N,ELA.N,,DENA,DENA,MESJID,RUHYA,RUHYA,RUHYA,DI KELAS,,,,,,DI KELAS,SHENDY,SHENDY,IAH,IAH,IAH,,IAH,IAH,MESJID,SUDARMI,SUDARMI,DI KELAS,DI KELAS,,,,,,REGINA,REGINA,REGINA,SARI,SARI,SARI,MESJID,RANI,RANI,DI KELAS,DI KELAS,,,,,,,,,,,,,,,,,,,,,,,,,,,
,,,40,,,,,ENDANG,,ENDANG,ENDANG,,ENDANG,ENDANG,ENDANG,ENDANG,,,,DI KELAS,,,,,,,,,,,,,,,,,,DI LAPANG,,,,,,,,,,,,,,,,,,,,,POPONG,POPONG,POPONG,,POPONG,POPONG,,,,,,,,,,,,,,,,,,,,,,,,,,,,,,,,,,,,,,,,,,,,,,,,
,,,41,,,,,TITA,S,TITA,TITA,,TITA,TITA,TITA,TITA,,,,,,,,,,S,,,,,,,,,,,,,,,,,S,,,,,,,,,,,,,,,,,,,S,,,,,,,,,,,,,,,,,,,,,,,,S,,,,,,,,,,,,,,,,,,,,,,,,,,
,XI KA 2,MAPEL,42,UPACARA/,ABA,ABA,BING,BING,,ABO,ABO,ISTIRAHAT,AKI,AKI,PJOK,PJOK,,,,TADARUS &,BPBK,ATG,ATG,ATG,ATG,,ATG,ATG,ISTIRAHAT,ATG,ATG,ATG,TUGAS MANDIRI,,,,,SHOLAT ,PPAN,PPAN,BSUN,BSUN,,BING,BING,ISTIRAHAT,BIND,BIND,BIND,TUGAS MANDIRI,,,,,,TADARUS &,SJRH,SJRH,PKK,PKK,STA,,STA,MATH,ISTIRAHAT,MATH,MATH,TUGAS MANDIRI,TUGAS MANDIRI,,,,,SENAM &,AKI,AKI,AKI,AKI,AKI,PABP,ISTIRAHAT,PABP,PABP,TUGAS MANDIRI,TUGAS MANDIRI,,,,,,3,2,3,2,2,0,2,3,4,0,0,2,2,9,7,2,2,6,0,1,52,
,,RUANG,43,PERWALIAN,R.62,R.62,R.62,R.62,,R.62,R.62,DZUHUR,R.62,R.62,LAP,LAP,,,,SARAPAN,R.ATG,R.ATG,R.ATG,R.ATG,R.ATG,,R.ATG,R.ATG,DZUHUR,R.ATG,R.ATG,R.ATG,,,,,,DHUHA &,R.62,R.62,R.62,R.62,,R.62,R.62,DZUHUR,R.62,R.62,R.62,,,,,,,LITERASI ,R.62,R.62,R.62,R.62,R.62,,R.62,R.62,DZUHUR,R.62,R.62,,,,,,,JUMAT BERSIH,R.AKIXI,R.AKIXI,R.AKIXI,R.AKIXI,R.AKIXI,R.62,DZUHUR,R.62,R.62,,,,,,,,,,,,,,,,,,,,,,,,,,,,,
,,GURU,44,,DINI,DINI,SHENDY,SHENDY,T,RAHMI,RAHMI,MESJID,IAH,IAH,TAUFIK,TAUFIK,,,,BERGIZI,HAZAR,OCTA,OCTA,OCTA,OCTA,T,OCTA,OCTA,MESJID,OCTA,OCTA,OCTA,DI KELAS,,,,,TADARUS,ELA,ELA,RANI,RANI,T,SHENDY,SHENDY,MESJID,REGINA,REGINA,REGINA,DI KELAS,,,,,,DI KELAS,SUDARMI,SUDARMI,TESSA,TESSA,DENA,T,DENA,SARI,MESJID,SARI,SARI,DI KELAS,DI KELAS,,,,,,RAHMI,RAHMI,RAHMI,RAHMI,RAHMI,RUHYA,MESJID,RUHYA,RUHYA,DI KELAS,DI KELAS,T,,,,,,,,,,,,,,,,,,,,,,,,,,
,,,45,,,,,,,,,,,,,,,,,DI KELAS,,,,ELA.N,ELA.N,,ELA.N,ELA.N,,ELA.N,ELA.N,ELA.N,,,,,,DI LAPANG,,,,,,,,,,,,,,,,,,,,,,,,,,,,,,,,,,,,,INA,INA,INA,INA,INA,,,,,,,,,,,,,,,,,,,,,,,,,,,,,,,,,
,,,46,,,,,,,,,,,,,,,,,,,,,CECEP,CECEP,,CECEP,CECEP,,CECEP,CECEP,CECEP,,,,,,,,,,,,,,,,,,,,,,,,,,,,,,,,,,,,,,,,,,,,,,,,,,,,,,,,,,,,,,,,,,,,,,,,,,,,,,,,
,XI KA 3,MAPEL,47,UPACARA/,AKI,AKI,AKI,AKI,I,AKI,AKI,AKI,ISTIRAHAT,BIND,BIND,BIND,,,,TADARUS &,PABP,PABP,PABP,MATH,MATH,I,MATH,PPAN,PPAN,ISTIRAHAT,BSUN,BSUN,TUGAS MANDIRI,,,,,SHOLAT ,ATG,ATG,ATG,ATG,I,ATG,ATG,ISTIRAHAT,ATG,ATG,ATG,TUGAS MANDIRI,,,,,,TADARUS &,ABA,ABA,ABO,ABO,SJRH,I,SJRH,BPBK,ISTIRAHAT,PJOK,PJOK,TUGAS MANDIRI,TUGAS MANDIRI,,,,,SENAM &,BING,BING,BING,BING,STA,STA,ISTIRAHAT,PKK,PKK,TUGAS MANDIRI,TUGAS MANDIRI,I,,,,,3,2,3,2,2,0,2,3,4,0,0,2,2,9,7,2,2,6,0,1,52,
,,RUANG,48,PERWALIAN,R.AKIXI,R.AKIXI,R.AKIXI,R.AKIXI,,R.AKIXI,R.AKIXI,R.AKIXI,DZUHUR,R.63,R.63,R.63,,,,SARAPAN,R.63,R.63,R.63,R.63,R.63,,R.63,R.63,R.63,DZUHUR,R.63,R.63,,,,,,DHUHA &,R.ATG,R.ATG,R.ATG,R.ATG,,R.ATG,R.ATG,DZUHUR,R.ATG,R.ATG,R.ATG,,,,,,,LITERASI ,R.63,R.63,R.63,R.63,R.63,,R.63,R.63,DZUHUR,LAP,LAP,,,,,,,JUMAT BERSIH,R.63,R.63,R.63,R.63,R.63,R.63,DZUHUR,R.63,R.63,,,,,,,,,,,,,,,,,,,,,,,,,,,,,
,,GURU,49,,POPONG,POPONG,DINI,DINI,,DINI,DINI,DINI,MESJID,REGINA,REGINA,REGINA,,,,BERGIZI,RUHYA,RUHYA,RUHYA,SARI,SARI,,SARI,ELA,ELA,MESJID,RANI,RANI,DI KELAS,,,,,TADARUS,OCTA,OCTA,OCTA,OCTA,,OCTA,OCTA,MESJID,OCTA,OCTA,OCTA,DI KELAS,,,,,,DI KELAS,ELA.N,ELA.N,MIMY,MIMY,SUDARMI,,SUDARMI,HAZAR,MESJID,TAUFIK,TAUFIK,DI KELAS,DI KELAS,,,,,,SHENDY,SHENDY,SHENDY,SHENDY,DENA,DENA,MESJID,RAHMI,RAHMI,,,,,,,,,,,,,,,,,,,,,,,,,,,,,
,,,50,,,,POPONG,POPONG,R,POPONG,POPONG,POPONG,,,,,,,,DI KELAS,,,,,,R,,,,,,,,,,,,DI LAPANG,,,WINDY,WINDY,R,WINDY,WINDY,,WINDY,WINDY,WINDY,,,,,,,,,,,,,R,,,,,,,,,,,,,,,,,,,,,,DI KELAS,DI KELAS,R,,,,,,,,,,,,,,,,,,,,,,,,,,
,,,51,,,,,,,,,,,,,,,,,,,,,,,,,,,,,,,,,,,,,,INA,INA,,INA,INA,,INA,INA,INA,,,,,,,,,,,,,,,,,,,,,,,,,,,,,,,,,,,,,,,,,,,,,,,,,,,,,,,,,,,,,,,
,XI KA 4,MAPEL,52,UPACARA/,PJOK,PJOK,ABO,ABO,,BIND,BIND,BIND,ISTIRAHAT,MATH,MATH,MATH,,,,TADARUS &,AKI,AKI,AKI,AKI,AKI,,PABP,PABP,ISTIRAHAT,PABP,PKK,PKK,TUGAS MANDIRI,,,,,SHOLAT ,BING,BING,PPAN,PPAN,,BSUN,BSUN,ISTIRAHAT,ABA,ABA,TUGAS MANDIRI,TUGAS MANDIRI,,,,,,TADARUS &,AKI,AKI,SJRH,SJRH,BING,,BING,STA,STA,ISTIRAHAT,BPBK,TUGAS MANDIRI,TUGAS MANDIRI,,,,,SENAM &,ATG,ATG,ATG,ATG,ATG,ATG,ISTIRAHAT,ATG,ATG,ATG,TUGAS MANDIRI,,,,,,3,2,3,2,2,0,2,3,4,0,0,2,2,9,7,2,2,6,0,1,52,
,,RUANG,53,PERWALIAN,LAP,LAP,R.60,R.60,A,R.60,R.60,R.60,DZUHUR,R.60,R.60,R.60,,,,SARAPAN,R.AKIXI,R.AKIXI,R.AKIXI,R.AKIXI,R.AKIXI,A,R.60,R.60,DZUHUR,R.60,R.60,R.60,,,,,,DHUHA &,R.60,R.60,R.60,R.60,A,R.60,R.60,DZUHUR,R.60,R.60,,,,,,,,LITERASI ,R.60,R.60,R.60,R.60,R.60,A,R.60,R.60,R.60,DZUHUR,R.60,,,,,,,JUMAT BERSIH,R.ATG,R.ATG,R.ATG,R.ATG,R.ATG,R.ATG,DZUHUR,R.ATG,R.ATG,R.ATG,,,,,,,,,,,,,,,,,,,,,,,,,,,,
,,GURU,54,,TAUFIK,TAUFIK,RAHMI,RAHMI,,REGINA,REGINA,REGINA,MESJID,SARI,SARI,SARI,,,,BERGIZI,IAH,IAH,IAH,IAH,IAH,,RUHYA,RUHYA,MESJID,RUHYA,RAHMI,RAHMI,DI KELAS,,,,,TADARUS,LIA,LIA,ELA,ELA,,RANI,RANI,MESJID,DINI,DINI,DI KELAS,DI KELAS,,,,,,DI KELAS,IAH,IAH,SUDARMI,SUDARMI,LIA,,LIA,DENA,DENA,MESJID,HAZAR,DI KELAS,DI KELAS,,,,,,ADE,ADE,ADE,ADE,ADE,ADE,MESJID,ADE,ADE,ADE,DI KELAS,,,,,,,,,,,,,,,,,,,,,,,,,,,
,,,55,,,,,,,,,,,,,,,,,DI KELAS,POPONG,POPONG,POPONG,POPONG,POPONG,,,,,,,,,,,,,DI LAPANG,,,,,,,,,,,,,,,,,,,,,,,,,,,,,,,,,,,,,,,ELA.N,ELA.N,ELA.N,ELA.N,,ELA.N,ELA.N,ELA.N,,,,,,,,,,,,,,,,,,,,,,,,,,,,
,,,56,,,,,,H,,,,,,,,,,,,,,,,,H,,,,,,,,,,,,,,,,,H,,,,,,,,,,,,,,,,,,,H,,,,,,,,,,,,,,,DINI,DINI,DINI,DINI,,DINI,DINI,DINI,,H,,,,,,,,,,,,,,,,,,,,,,,,,,
,XI KA 5,MAPEL,57,UPACARA/,BSUN,BSUN,ABO,ABO,,BING,BING,ISTIRAHAT,PJOK,PJOK,PPAN,PPAN,,,,TADARUS &,PKK,PKK,ABA,ABA,BPBK,,AKI,AKI,ISTIRAHAT,AKI,AKI,AKI,TUGAS MANDIRI,,,,,SHOLAT ,AKI,AKI,BIND,BIND,,BIND,SJRH,SJRH,ISTIRAHAT,STA,STA,TUGAS MANDIRI,,,,,,TADARUS &,ATG,ATG,ATG,ATG,ATG,,ATG,ATG,ISTIRAHAT,ATG,ATG,TUGAS MANDIRI,TUGAS MANDIRI,,,,,SENAM &,BING,BING,PABP,PABP,PABP,TUGAS MANDIRI,ISTIRAHAT,MATH,MATH,MATH,TUGAS MANDIRI,,,,,,3,2,3,2,2,0,2,3,4,0,0,2,2,9,7,2,2,6,0,1,52,
,,RUANG,58,PERWALIAN,R.60A,R.60A,R.60A,R.60A,,R.60A,R.60A,DZUHUR,LAP,LAP,R.60A,R.60A,,,,SARAPAN,R.60A,R.60A,R.60A,R.60A,R.60A,,R.AKIXI,R.AKIXI,DZUHUR,R.AKIXI,R.AKIXI,R.AKIXI,,,,,,DHUHA &,R.60A,R.60A,R.60A,R.60A,,R.60A,R.60A,R.60A,DZUHUR,R.60A,R.60A,,,,,,,LITERASI ,R.ATG,R.ATG,R.ATG,R.ATG,R.ATG,,R.ATG,R.ATG,DZUHUR,R.ATG,R.ATG,,,,,,,JUMAT BERSIH,R.60A,R.60A,R.60A,R.60A,R.60A,,DZUHUR,R.60A,R.60A,R.60A,,,,,,,,,,,,,,,,,,,,,,,,,,,,
,,GURU,59,,RANI,RANI,MIMY,MIMY,A,LIA,LIA,MESJID,TAUFIK,TAUFIK,ELA,ELA,,,,BERGIZI,RAHMI,RAHMI,DINI,DINI,HAZAR,A,DINI,DINI,MESJID,DINI,DINI,DINI,DI KELAS,,,,,TADARUS,POPONG,POPONG,REGINA,REGINA,A,REGINA,SUDARMI,SUDARMI,MESJID,DENA,DENA,DI KELAS,,,,,,DI KELAS,OCTA,OCTA,OCTA,OCTA,OCTA,A,OCTA,OCTA,MESJID,OCTA,OCTA,DI KELAS,DI KELAS,,,,,,LIA,LIA,RUHYA,RUHYA,RUHYA,DI KELAS,MESJID,SARI,SARI,SARI,DI KELAS,A,,,,,,,,,,,,,,,,,,,,,,,,,,
,,,60,,,,,,,,,,,,,,,,,DI KELAS,,,,,,,INA,INA,,INA,INA,INA,,,,,,DI LAPANG,,,,,,,,,,,,,,,,,,,,,ELA.N,ELA.N,ELA.N,,ELA.N,ELA.N,,ELA.N,ELA.N,,,,,,,,,,,,,,,,,,,,,,,,,,,,,,,,,,,,,,,,,,,,,
,,,61,,,,,,,,,,,,,,,,,,,,,,,,,,,,,,,,,,,,,,,,,,,,,,,,,,,,,,,,INA,INA,INA,,INA,INA,,INA,INA,,,,,,,,,,,,,,,,,,,,,,,,,,,,,,,,,,,,,,,,,,,,,
,XI KA 6,MAPEL,62,UPACARA/,BIND,BIND,BIND,PABP,T,PABP,PABP,ISTIRAHAT,PKK,PKK,BING,BING,,,,TADARUS &,ABA,ABA,PJOK,PJOK,SJRH,T,SJRH,AKI,AKI,ISTIRAHAT,STA,STA,TUGAS MANDIRI,,,,,SHOLAT ,AKI,AKI,AKI,AKI,T,AKI,ABO,ABO,ISTIRAHAT,BPBK,TUGAS MANDIRI,TUGAS MANDIRI,,,,,,TADARUS &,ATG,ATG,ATG,ATG,ATG,T,ATG,ATG,ISTIRAHAT,ATG,ATG,TUGAS MANDIRI,TUGAS MANDIRI,,,,,SENAM &,MATH,MATH,MATH,BSUN,BSUN,PPAN,ISTIRAHAT,PPAN,BING,BING,TUGAS MANDIRI,T,,,,,3,2,3,2,2,0,2,3,4,0,0,2,2,9,7,2,2,6,0,1,52,
,,RUANG,63,PERWALIAN,R.60B,R.60B,R.60B,R.60B,,R.60B,R.60B,DZUHUR,R.60B,R.60B,R.60B,R.60B,,,,SARAPAN,R.60B,R.60B,LAP,LAP,R.60B,,R.60B,R.60B,R.60B,DZUHUR,R.60B,R.60B,,,,,,DHUHA &,R.AKIXI,R.AKIXI,R.AKIXI,R.AKIXI,,R.AKIXI,R.60B,R.60B,DZUHUR,R.60B,,,,,,,,LITERASI ,R.KUALI,R.KUALI,R.KUALI,R.KUALI,R.KUALI,,R.KUALI,R.KUALI,DZUHUR,R.KUALI,R.KUALI,,,,,,,JUMAT BERSIH,R.60B,R.60B,R.60B,R.60B,R.60B,R.60B,DZUHUR,R.60B,R.60B,R.60B,,,,,,,,,,,,,,,,,,,,,,,,,,,,
,,GURU,64,,REGINA,REGINA,REGINA,RUHYA,,RUHYA,RUHYA,MESJID,RAHMI,RAHMI,LIA,LIA,,,,BERGIZI,ELA.N,ELA.N,TAUFIK,TAUFIK,SUDARMI,,SUDARMI,POPONG,POPONG,MESJID,DENA,DENA,DI KELAS,,,,,TADARUS,RAHMI,RAHMI,RAHMI,RAHMI,,RAHMI,MIMY,MIMY,MESJID,HAZAR,DI KELAS,DI KELAS,,,,,,DI KELAS,ADE,ADE,ADE,ADE,ADE,,ADE,ADE,MESJID,ADE,ADE,DI KELAS,DI KELAS,,,,,,SARI,SARI,SARI,RANI,RANI,ELA,MESJID,ELA,LIA,LIA,DI KELAS,,,,,,,,,,,,,,,,,,,,,,,,,,,
,,,65,,,,,,,,,,,,,,,,,DI KELAS,,,,,,,,,,,,,,,,,,DI LAPANG,DINI,DINI,DINI,DINI,,DINI,,,,,,,,,,,,,,,WINDY,WINDY,WINDY,,WINDY,WINDY,,WINDY,WINDY,,,,,,,,,,,,,,,,,,,,,,,,,,,,,,,,,,,,,,,,,,,,,
,,,66,,,,,,,,,,,,,,,,,,,,,,,,,,,,,,,,,,,,,,,,,,,,,,,,,,,,,,,,CECEP,CECEP,CECEP,,CECEP,CECEP,,CECEP,CECEP,,,,,,,,,,,,,,,,,,,,,,,,,,,,,,,,,,,,,,,,,,,,,
,,,67,,,,,,,,,,,,,,,,,,,,,,,,,,,,,,,,,,,,,,,,,,,,,,,,,,,,,,,,,,,,,,,,,,,,,,,,,,,,,,,,,,,,,,,,PABP,PPAN,BIND,PJOK,SJRH,,BSUN,MATH,BING,BJPG,MTK-DAS,ABO,ABA,BOBA,AKI,MIK,PKK,KLI,KBM,BPBK,,
,XII AK 1,MAPEL,68,UPACARA/,MIK,MIK,MIK,MIK,,MIK,MIK,ISTIRAHAT,ABA,ABA,BJPG,BJPG,,,,TADARUS &,AKI,AKI,AKI,AKI,AKI,,AKI,MIK,MIK,ISTIRAHAT,PPAN,PPAN,TUGAS MANDIRI,,,,,SHOLAT ,BIND,BIND,BIND,SJRH,,SJRH,BING,BING,ISTIRAHAT,PKK,PKK,TUGAS MANDIRI,,,,,,TADARUS &,BPBK,ABO,ABO,BOBA,BOBA,,BOBA,BOBA,ISTIRAHAT,BOBA,BOBA,BOBA,TUGAS MANDIRI,,,,,SENAM &,MATH,MATH,MATH,PABP,PABP,PABP,ISTIRAHAT,PJOK,PJOK,TUGAS MANDIRI,TUGAS MANDIRI,,,,,,3,2,3,2,2,0,0,3,2,2,0,2,2,7,6,8,2,0,0,1,47,0
,,RUANG,69,PERWALIAN,Lab MIKRO,Lab MIKRO,Lab MIKRO,Lab MIKRO,I,Lab MIKRO,Lab MIKRO,DZUHUR,R.56,R.56,R.56,R.56,,,,SARAPAN,Lab AKI XII,Lab AKI XII,Lab AKI XII,Lab AKI XII,Lab AKI XII,0,Lab AKI XII,Lab MIKRO,Lab MIKRO,DZUHUR,R.30,R.30,,,,,,DHUHA &,R.46,R.46,R.46,R.46,I,R.46,R.46,R.46,DZUHUR,R.46,R.46,,,,,,,LITERASI ,R.29,R.29,R.29,Lab BOBA,Lab BOBA,I,Lab BOBA,Lab BOBA,DZUHUR,Lab BOBA,Lab BOBA,Lab BOBA,,,,,,JUMAT BERSIH,R.30,R.30,R.30,R.30,R.30,R.30,DZUHUR,LAP,LAP,,,I,,,,,,,,,,,,,,,,,,,,,,,,,,
,,GURU,70,,NINA,NINA,NINA,NINA,,NINA,NINA,MESJID,SYAFITRI,SYAFITRI,RINI,RINI,,,,BERGIZI,WINDY,WINDY,DANTY,DANTY,DANTY,,DANTY,NINA,NINA,MESJID,MAYA,MAYA,DI KELAS,,,,,TADARUS,RINA,RINA,RINA,SUDARMI,,SUDARMI,INDIRA,INDIRA,MESJID,MIMY,MIMY,DI KELAS,,,,,,DI KELAS,EVA,TINI,TINI,TINI,TINI,,TINI,TINI,MESJID,TINI,TINI,TINI,DI KELAS,,,,,,DADAN,DADAN,DADAN,RUKMANA,RUKMANA,RUKMANA,MESJID,YENI,YENI,DI KELAS,DI KELAS,,,,,,,,,,,,,,,,,,,,,,,,,,,
,,,71,,FERTIKA,FERTIKA,FERTIKA,FERTIKA,,FERTIKA,FERTIKA,,,,,,,,,DI KELAS,,,WINDY,WINDY,WINDY,,WINDY,FERTIKA,FERTIKA,,,,,,,,,DI LAPANG,,,,,,,,,,,,,,,,,,,,,,SYAFITRI,SYAFITRI,,SYAFITRI,SYAFITRI,,SYAFITRI,SYAFITRI,SYAFITRI,,,,,,,,,,,,,,,,,,,,,,,,,,,,,,,,,,,,,,,,,,,,
,,,72,,,,,,S,,,,,,,,,,,,,,,,,S,,,,,,,,,,,,,,,,,S,,,,,,,,,,,,,,,,,,,S,,,,,,,,,,,,,,,,,,,,,,,,S,,,,,,,,,,,,,,,,,,,,,,,,,,
,XII AK 2,MAPEL,73,UPACARA/,AKI,AKI,AKI,AKI,,AKI,AKI,ISTIRAHAT,BPBK,PPAN,PPAN,TUGAS MANDIRI,,,,TADARUS &,MIK,MIK,MIK,MIK,MIK,,MIK,SJRH,SJRH,ISTIRAHAT,BING,BING,TUGAS MANDIRI,,,,,SHOLAT ,PKK,PKK,ABO,ABO,,BIND,BIND,BIND,ISTIRAHAT,MIK,MIK,TUGAS MANDIRI,,,,,,TADARUS &,ABA,ABA,PJOK,PJOK,MATH,,MATH,MATH,ISTIRAHAT,PABP,PABP,PABP,TUGAS MANDIRI,,,,,SENAM &,BOBA,BOBA,BOBA,BOBA,BOBA,BOBA,ISTIRAHAT,BOBA,BJPG,BJPG,TUGAS MANDIRI,,,,,,3,2,3,2,2,,0,3,2,2,0,2,2,7,6,8,2,0,0,1,47,0
,,RUANG,74,PERWALIAN,Lab AKI XII,Lab AKI XII,Lab AKI XII,Lab AKI XII,,Lab AKI XII,Lab AKI XII,DZUHUR,R.57,R.57,R.57,,,,,SARAPAN,Lab MIKRO,Lab MIKRO,Lab MIKRO,Lab MIKRO,Lab MIKRO,,Lab MIKRO,R.60A,R.60A,DZUHUR,R.60A,R.60A,,,,,,DHUHA &,R.47,R.47,R.47,R.47,,R.47,R.47,R.47,DZUHUR,Lab MIKRO,Lab MIKRO,,,,,,,LITERASI ,R.60A,R.60A,LAP,LAP,R.60A,,R.60A,R.60A,DZUHUR,R.60A,R.60A,R.60A,,,,,,JUMAT BERSIH,Lab BOBA,Lab BOBA,Lab BOBA,Lab BOBA,Lab BOBA,Lab BOBA,DZUHUR,Lab BOBA,R.30,R.30,,,,,,,,,,,,,,,,,,,,,,,,,,,,
,,GURU,75,,WINDY,WINDY,WINDY,WINDY,T,WINDY,WINDY,MESJID,EVA,MAYA,MAYA,DI KELAS,,,,BERGIZI,SANTIKA,SANTIKA,SANTIKA,SANTIKA,SANTIKA,T,SANTIKA,SUDARMI,SUDARMI,MESJID,INDIRA,INDIRA,DI KELAS,,,,,TADARUS,MIMY,MIMY,CECEP,CECEP,T,RINA,RINA,RINA,MESJID,SANTIKA,SANTIKA,DI KELAS,,,,,,DI KELAS,ENDANG,ENDANG,YENI,YENI,DADAN,T,DADAN,DADAN,MESJID,RUKMANA,RUKMANA,RUKMANA,DI KELAS,,,,,,NENENG,NENENG,NENENG,NENENG,NENENG,NENENG,MESJID,NENENG,RINI,RINI,DI KELAS,T,,,,,,,,,,,,,,,,,,,,,,,,,,
,,,76,,,,IAH,IAH,,IAH,IAH,,,,,,,,,DI KELAS,FERTIKA,FERTIKA,FERTIKA,FERTIKA,FERTIKA,,FERTIKA,,,,,,,,,,,DI LAPANG,,,,,,,,,,FERTIKA,FERTIKA,,,,,,,,,,,,,,,,,,,,,,,,,,TINI,TINI,TINI,TINI,TINI,TINI,,TINI,,,,,,,,,,,,,,,,,,,,,,,,,,,,,,
,,,77,,,,,,,,,,,,,,,,,,,,,,,,,,,,,,,,,,,,,,,,,,,,,,,,,,,,,,,,,,,,,,,,,,,,,,,,,,,,,,,,,,,,,,,,,,,,,,,,,,,,,,,,,,,,,
,XII AK 3,MAPEL,78,UPACARA/,PKK,PKK,SJRH,SJRH,I,ABA,ABA,ISTIRAHAT,MIK,MIK,BPBK,TUGAS MANDIRI,,,,TADARUS &,ABO,ABO,PABP,PABP,PABP,I,BJPG,BJPG,ISTIRAHAT,AKI,AKI,AKI,AKI,,,,,SHOLAT ,BOBA,BOBA,BOBA,BOBA,I,BOBA,BOBA,BOBA,ISTIRAHAT,MATH,MATH,MATH,,,,,,TADARUS &,AKI,AKI,BIND,BIND,BIND,I,BING,BING,ISTIRAHAT,PJOK,PJOK,TUGAS MANDIRI,TUGAS MANDIRI,,,,,SENAM &,MIK,MIK,MIK,MIK,MIK,MIK,ISTIRAHAT,PPAN,PPAN,TUGAS MANDIRI,TUGAS MANDIRI,I,,,,,3,2,3,2,2,,0,3,2,2,0,2,2,7,6,8,2,0,0,1,47,0
,,RUANG,79,PERWALIAN,R.58,R.58,R.58,R.58,,R.58,R.58,DZUHUR,Lab MIKRO,Lab MIKRO,R.58,,,,,SARAPAN,R.58,R.58,R.58,R.58,R.58,,R.58,R.58,DZUHUR,Lab AKI XII,Lab AKI XII,Lab AKI XII,Lab AKI XII,,,,,DHUHA &,Lab BOBA,Lab BOBA,Lab BOBA,Lab BOBA,,Lab BOBA,Lab BOBA,Lab BOBA,DZUHUR,R.47,R.47,R.47,,,,,,LITERASI ,R.58,R.58,R.58,R.58,R.58,,R.58,R.58,DZUHUR,LAP,LAP,,,,,,,JUMAT BERSIH,Lab MIKRO,Lab MIKRO,Lab MIKRO,Lab MIKRO,Lab MIKRO,Lab MIKRO,DZUHUR,R.58,R.58,,,,,,,,,,,,,,,,,,,,,,,,,,,,,
,,GURU,80,,MIMY,MIMY,SUDARMI,SUDARMI,,SYAFITRI,SYAFITRI,MESJID,SANTIKA,SANTIKA,EVA,DI KELAS,,,,BERGIZI,TINI,TINI,RUKMANA,RUKMANA,RUKMANA,,RINI,RINI,MESJID,DANTY,DANTY,DANTY,DANTY,,,,,TADARUS,ENDANG,ENDANG,ENDANG,ENDANG,,ENDANG,ENDANG,ENDANG,MESJID,DADAN,DADAN,DADAN,,,,,,DI KELAS,WINDY,WINDY,RINA,RINA,RINA,,INDIRA,INDIRA,MESJID,YENI,YENI,DI KELAS,DI KELAS,,,,,,SANTIKA,SANTIKA,SANTIKA,SANTIKA,SANTIKA,SANTIKA,MESJID,MAYA,MAYA,DI KELAS,DI KELAS,,,,,,,,,,,,,,,,,,,,,,,,,,,
,,,81,,,,,,R,,,,ANGGITA,ANGGITA,,,,,,DI KELAS,,,,,,R,,,,SUGI,SUGI,SUGI,SUGI,,,,,DI LAPANG,SYAFITRI,SYAFITRI,SYAFITRI,SYAFITRI,R,SYAFITRI,SYAFITRI,SYAFITRI,,,,,,,,,,,,,,,,R,,,,,,,,,,,,,ANGGITA,ANGGITA,ANGGITA,ANGGITA,ANGGITA,ANGGITA,,,,,,R,,,,,,,,,,,,,,,,,,,,,,,,,,
,,,82,,,,,,,,,,,,,,,,,,,,,,,,,,,,,,,,,,,,,,,,,,,,,,,,,,,,,,,,,,,,,,,,,,,,,,,,,,,,,,,,,,,,,,,,,,,,,,,,,,,,,,,,,,,,,
,XII AK 4,MAPEL,83,UPACARA/,BOBA,BOBA,BOBA,BOBA,,BOBA,BOBA,ISTIRAHAT,BOBA,MIK,MIK,TUGAS MANDIRI,,,,TADARUS &,BJPG,BJPG,PPAN,PPAN,MATH,,MATH,MATH,ISTIRAHAT,BPBK,PABP,PABP,PABP,,,,,SHOLAT ,ABO,ABO,AKI,AKI,,AKI,AKI,ISTIRAHAT,SJRH,SJRH,BING,BING,,,,,,TADARUS &,PKK,PKK,PJOK,PJOK,ABA,,ABA,BIND,ISTIRAHAT,BIND,BIND,TUGAS MANDIRI,TUGAS MANDIRI,,,,,SENAM &,MIK,MIK,MIK,MIK,MIK,MIK,ISTIRAHAT,AKI,AKI,TUGAS MANDIRI,TUGAS MANDIRI,,,,,,3,2,3,2,2,,0,3,2,2,0,2,2,7,6,8,2,0,0,1,47,0
,,RUANG,84,PERWALIAN,Lab BOBA,Lab BOBA,Lab BOBA,Lab BOBA,A,Lab BOBA,Lab BOBA,DZUHUR,Lab BOBA,R. 20,R. 20,,,,,SARAPAN,R.62,R.62,R.62,R.62,R.62,A,R.62,R.62,DZUHUR,R.62,R.62,R.62,R.62,,,,,DHUHA &,R.51,R.51,Lab AKI XII,Lab AKI XII,A,Lab AKI XII,Lab AKI XII,DZUHUR,R.51,R.51,R.51,R.51,,,,,,LITERASI ,R.56,R.56,LAP,LAP,R.56,R,R.56,R.56,R,R.56,R.56,,,,,,,JUMAT BERSIH,R.KUALI,R.KUALI,R.KUALI,R.KUALI,R.KUALI,R.KUALI,DZUHUR,R.53,R.53,,,A,,,,,,,,,,,,,,,,,,,,,,,,,,
,,GURU,85,,CECEP,CECEP,CECEP,CECEP,,CECEP,CECEP,MESJID,CECEP,NINA,NINA,DI KELAS,,,,BERGIZI,RINI,RINI,MAYA,MAYA,DADAN,,DADAN,DADAN,MESJID,EVA,RUKMANA,RUKMANA,RUKMANA,,,,,TADARUS,CECEP,CECEP,DANTY,DANTY,,DANTY,DANTY,MESJID,SUDARMI,SUDARMI,INDIRA,INDIRA,,,,,,DI KELAS,MIMY,MIMY,TAUFIK,TAUFIK,ENDANG,,ENDANG,RINA,MESJID,RINA,RINA,DI KELAS,DI KELAS,,,,,,NINA,NINA,NINA,NINA,NINA,NINA,MESJID,DANTY,DANTY,DI KELAS,DI KELAS,,,,,,,,,,,,,,,,,,,,,,,,,,,
,,,86,,NENENG,NENENG,NENENG,NENENG,,NENENG,NENENG,,NENENG,FERTIKA,FERTIKA,,,,,DI KELAS,,,,,,,,,,,,,,,,,,DI LAPANG,,,POPONG,POPONG,,POPONG,POPONG,,,,,,,,,,,,,,,,,,,,,,,,,,,,,,FERTIKA,FERTIKA,FERTIKA,FERTIKA,FERTIKA,FERTIKA,,,,,,,,,,,,,,,,,,,,,,,,,,,,,,,,
,,,87,,,,,,H,,,,,,,,,,,,,,,,,H,,,,,,,,,,,,,,,,,H,,,,,,,,,,,,,,,,,,,H,,,,,,,,,,,,,,,,,,,,,,,,H,,,,,,,,,,,,,,,,,,,,,,,,,,
,XII AK 5,MAPEL,88,UPACARA/,ABA,ABA,PJOK,PJOK,,SJRH,SJRH,ISTIRAHAT,BIND,BIND,BIND,TUGAS MANDIRI,,,,TADARUS &,BPBK,PKK,PKK,BOBA,BOBA,,BOBA,BOBA,ISTIRAHAT,BOBA,BOBA,BOBA,TUGAS MANDIRI,,,,,SHOLAT ,MIK,MIK,MIK,MIK,,MIK,MIK,ISTIRAHAT,ABO,ABO,PPAN,PPAN,,,,,,TADARUS &,AKI,AKI,AKI,AKI,AKI,,AKI,MIK,MIK,ISTIRAHAT,BING,BING,TUGAS MANDIRI,,,,,SENAM &,BJPG,BJPG,TUGAS MANDIRI,MATH,MATH,MATH,ISTIRAHAT,PABP,PABP,PABP,TUGAS MANDIRI,,,,,,3,2,3,2,2,,0,3,2,2,0,2,2,7,6,8,2,0,0,1,47,0
,,RUANG,89,PERWALIAN,R.61,R.61,LAP,LAP,,R.61,R.61,DZUHUR,R.61,R.61,R.61,,,,,SARAPAN,R.60,R.60,R.60,Lab BOBA,Lab BOBA,,Lab BOBA,Lab BOBA,DZUHUR,Lab BOBA,Lab BOBA,Lab BOBA,,,,,,DHUHA &,Lab MIKRO,Lab MIKRO,Lab MIKRO,Lab MIKRO,,Lab MIKRO,Lab MIKRO,DZUHUR,R.53,R.53,R.53,R.53,,,,,,LITERASI ,Lab AKI XII,Lab AKI XII,Lab AKI XII,Lab AKI XII,Lab AKI XII,,Lab AKI XII,R.60B,R.60B,DZUHUR,R.60B,R.60B,,,,,,JUMAT BERSIH,R.60,R.60,,R.60,R.60,R.60,DZUHUR,R.60,R.60,R.60,,,,,,,,,,,,,,,,,,,,,,,,,,,,
,,GURU,90,,ENDANG,ENDANG,TAUFIK,TAUFIK,A,APRIL,APRIL,MESJID,RINA,RINA,RINA,DI KELAS,,,,BERGIZI,EVA,MIMY,MIMY,ENDANG,ENDANG,A,ENDANG,ENDANG,MESJID,ENDANG,ENDANG,ENDANG,DI KELAS,,,,,TADARUS,NINA,NINA,NINA,NINA,A,NINA,NINA,MESJID,CECEP,CECEP,MAYA,MAYA,,,,,,DI KELAS,DANTY,DANTY,DANTY,DANTY,DANTY,A,DANTY,NINA,NINA,MESJID,INDIRA,INDIRA,DI KELAS,,,,,,RINI,RINI,DI KELAS,DADAN,DADAN,DADAN,MESJID,RUKMANA,RUKMANA,RUKMANA,DI KELAS,A,,,,,,,,,,,,,,,,,,,,,,,,,,
,,,91,,,,,,,,,,,,,,,,,DI KELAS,,,,MIMY,MIMY,,MIMY,MIMY,,MIMY,MIMY,MIMY,,,,,,DI LAPANG,NENENG,NENENG,NENENG,NENENG,,NENENG,NENENG,,,,,,,,,,,,,,SUGI,SUGI,SUGI,,SUGI,NENENG,NENENG,,,,,,,,,,,,,,,,,,,,,,,,,,,,,,,,,,,,,,,,,,,,,,,
,,,92,,,,,,,,,,,,,,,,,,,,,,,,,,,,,,,,,,,,,,,,,,,,,,,,,,,,,,,,,,,,,,,,,,,,,,,,,,,,,,,,,,,,,,,,,,,,,,,,,,,,,,,,,,,,,
,XII AK 6,MAPEL,93,UPACARA/,ABA,ABA,BIND,BIND,T,BIND,ABO,ABO,ISTIRAHAT,PABP,PABP,PABP,,,,TADARUS &,MATH,MATH,MATH,BOBA,BOBA,T,BOBA,BOBA,ISTIRAHAT,BOBA,BOBA,BOBA,TUGAS MANDIRI,,,,,SHOLAT ,SJRH,SJRH,BING,BING,T,PPAN,PPAN,ISTIRAHAT,PJOK,PJOK,BPBK,TUGAS MANDIRI,,,,,,TADARUS &,MIK,MIK,MIK,MIK,MIK,T,MIK,PKK,PKK,ISTIRAHAT,BJPG,BJPG,TUGAS MANDIRI,,,,,SENAM &,AKI,AKI,AKI,AKI,AKI,AKI,ISTIRAHAT,TUGAS MANDIRI,MIK,MIK,TUGAS MANDIRI,T,,,,,3,2,3,2,2,,0,3,2,2,0,2,2,7,6,8,2,0,0,1,47,0
,,RUANG,94,PERWALIAN,R.44,R.44,R.44,R.44,,R.44,R.44,R.44,DZUHUR,R.44,R.44,R.44,,,,SARAPAN,R.57,R.57,R.57,R.KUALI,R.KUALI,,R.KUALI,R.KUALI,DZUHUR,R.KUALI,R.KUALI,R.KUALI,,,,,,DHUHA &,R.63,R.63,R.63,R.63,,R.63,R.63,DZUHUR,LAP,LAP,R.63,,,,,,,LITERASI ,Lab MIKRO,Lab MIKRO,Lab MIKRO,Lab MIKRO,Lab MIKRO,,Lab MIKRO,R.48,R.48,DZUHUR,R.48,R.48,,,,,,JUMAT BERSIH,Lab AKI XII,Lab AKI XII,Lab AKI XII,Lab AKI XII,Lab AKI XII,Lab AKI XII,DZUHUR,,Lab MIKRO,Lab MIKRO,,,,,,,,,,,,,,,,,,,,,,,,,,,,
,,GURU,95,,SYAFITRI,SYAFITRI,RINA,RINA,,RINA,TINI,TINI,MESJID,RUKMANA,RUKMANA,RUKMANA,,,,BERGIZI,DADAN,DADAN,DADAN,TINI,TINI,,TINI,TINI,MESJID,TINI,TINI,TINI,DI KELAS,,,,,TADARUS,SUDARMI,SUDARMI,INDIRA,INDIRA,,MAYA,MAYA,MESJID,TAUFIK,TAUFIK,EVA,DI KELAS,,,,,,DI KELAS,SANTIKA,SANTIKA,SANTIKA,SANTIKA,SANTIKA,,SANTIKA,MIMY,MIMY,MESJID,RINI,RINI,DI KELAS,,,,,,DANTY,DANTY,DANTY,DANTY,DANTY,DANTY,MESJID,DI KELAS,SANTIKA,SANTIKA,DI KELAS,,,,,,,,,,,,,,,,,,,,,,,,,,,
,,,96,,,,,,,,,,,,,,,,,DI KELAS,,,,SYAFITRI,SYAFITRI,,SYAFITRI,SYAFITRI,,SYAFITRI,SYAFITRI,SYAFITRI,,,,,,DI LAPANG,,,,,,,,,,,,,,,,,,,NENENG,NENENG,NENENG,NENENG,NENENG,,NENENG,,,,,,,,,,,,,,IAH,IAH,IAH,IAH,,,NENENG,NENENG,,,,,,,,,,,,,,,,,,,,,,,,,,,,
,,,97,,,,,,,,,,,,,,,,,,,,,,,,,,,,,,,,,,,,,,,,,,,,,,,,,,,,,,,,,,,,,,,,,,,,,,,,,,,,,,,,,,,,,,,,,,,,,,,,,,,,,,,,,,,,,
,,,98,,,,,,,,,,,,,,,,,,,,,,,,,,,,,,,,,,,,,,,,,,,,,,,,,,,,,,,,,,,,,,,,,,,,,,,,,,,,,,,,,,,,,,,,,,,,,,BJPG,MATH,BING,,,ABO,ABA,,AKI,MIK,PKK,KLI,KBM,BPBK,,
,XIII AK 1,MAPEL,99,UPACARA/,PIKET,PIKET,PIKET,PIKET,,PIKET,PIKET,,PIKET,PIKET,PIKET,PIKET,,,,TADARUS &,BING,BING,PROJEK,MATH,MATH,,PROJEK,PROJEK,,PROJEK,PROJEK,PROJEK,PROJEK,,,,,SHOLAT ,PROJEK,PROJEK,PROJEK,PROJEK,,PROJEK,PROJEK,,PROJEK,PROJEK,PROJEK,PROJEK,,,,,,TADARUS &,PROJEK,PROJEK,PROJEK,PROJEK,PROJEK,,PROJEK,PROJEK,,PROJEK,PROJEK,PROJEK,PROJEK,,,,,SENAM &,PROJEK,PROJEK,PROJEK,PROJEK,PROJEK,PROJEK,,PROJEK,PROJEK,PROJEK,PROJEK,,,,,,0,0,0,0,0,0,0,2,2,0,0,0,0,0,0,0,0,0,0,0,4,
,,,100,PERWALIAN,LAB,LAB,LAB,LAB,,LAB,LAB,,LAB,LAB,LAB,LAB,,,,SARAPAN,R.56,R.56,PKL,R.51,R.51,,PKL,PKL,,PKL,PKL,PKL,PKL,,,,,DHUHA &,PKL,PKL,PKL,PKL,,PKL,PKL,,PKL,PKL,PKL,PKL,,,,,,LITERASI ,PKL,PKL,PKL,PKL,PKL,,PKL,PKL,,PKL,PKL,PKL,PKL,,,,,JUMAT BERSIH,PKL,PKL,PKL,PKL,PKL,PKL,,PKL,PKL,PKL,PKL,,,,,,,,,,,,,,,,,,,,,,,,,,,
,,GURU,101,,,,,,,,,,,,,,,,,BERGIZI,INDIRA,INDIRA,TEMA 1,DENA,DENA,,TEMA 1,TEMA 1,,TEMA 1,TEMA 1,TEMA 1,TEMA 1,,,,,TADARUS,TEMA 1,TEMA 1,TEMA 1,TEMA 1,,TEMA 1,TEMA 1,,TEMA 1,TEMA 1,TEMA 1,TEMA 1,,,,,,DI KELAS,TEMA 1,TEMA 1,TEMA 1,TEMA 1,TEMA 1,,TEMA 1,TEMA 1,,TEMA 1,TEMA 1,TEMA 1,TEMA 1,,,,,,TEMA 1,TEMA 1,TEMA 1,TEMA 1,TEMA 1,TEMA 1,,TEMA 1,TEMA 1,TEMA 1,TEMA 1,,,,,,,,,,,,,,,,,,,,,,,,,,,
,,,102,,,,,,,,,,,,,,,,,DI KELAS,,,,,,,,,,,,,,,,,,DI LAPANG,,,,,,,,,,,,,,,,,,,,,,,,,,,,,,,,,,,,,,,,,,,,,,,,,,,,,,,,,,,,,,,,,,,,,,,,,,
,,,103,,,,,,S,,,S,,,,,,,,,,,,,,S,,,S,,,,,,,,,,,,,,S,,,S,,,,,,,,,,,,,,,,S,,,S,,,,,,,,,,,,,,,,S,,,,,S,,,,,,,,,,,,,,,,,,,,,,,,,,
,XIII AK 2,MAPEL,104,UPACARA/,PROJEK,PROJEK,PROJEK,PROJEK,,PROJEK,PROJEK,,PROJEK,PROJEK,PROJEK,PROJEK,,,,TADARUS &,PROJEK,PROJEK,PROJEK,PROJEK,PROJEK,,PROJEK,PROJEK,,PROJEK,PROJEK,PROJEK,PROJEK,,,,,SHOLAT ,PROJEK,PROJEK,PROJEK,PROJEK,,PROJEK,PROJEK,,PROJEK,PROJEK,PROJEK,PROJEK,,,,,,TADARUS &,PIKET,PIKET,PIKET,PIKET,PIKET,,PIKET,PIKET,,PIKET,PIKET,PIKET,PIKET,,,,,SENAM &,PROJEK,PROJEK,BING,BING,PROJEK,PROJEK,,MATH,MATH,PROJEK,PROJEK,,,,,,0,0,0,0,0,,0,2,2,0,0,0,0,0,0,0,0,0,0,0,4,
,,,105,PERWALIAN,PKL,PKL,PKL,PKL,,PKL,PKL,,PKL,PKL,PKL,PKL,,,,SARAPAN,PKL,PKL,PKL,PKL,PKL,,PKL,PKL,,PKL,PKL,PKL,PKL,,,,,DHUHA &,PKL,PKL,PKL,PKL,,PKL,PKL,,PKL,PKL,PKL,PKL,,,,,,LITERASI ,LAB,LAB,LAB,LAB,LAB,,LAB,LAB,,LAB,LAB,LAB,LAB,,,,,JUMAT BERSIH,PKL,PKL,R.52,R.52,PKL,PKL,,R.44,R.44,PKL,PKL,,,,,,,,,,,,,,,,,,,,,,,,,,,
,,GURU,106,,TEMA 2,TEMA 2,TEMA 2,TEMA 2,,TEMA 2,TEMA 2,,TEMA 2,TEMA 2,TEMA 2,TEMA 2,,,,BERGIZI,TEMA 2,TEMA 2,TEMA 2,TEMA 2,TEMA 2,,TEMA 2,TEMA 2,,TEMA 2,TEMA 2,TEMA 2,TEMA 2,,,,,TADARUS,TEMA 2,TEMA 2,TEMA 2,TEMA 2,,TEMA 2,TEMA 2,,TEMA 2,TEMA 2,TEMA 2,TEMA 2,,,,,,DI KELAS,,,,,,,,,,,,,,,,,,,TEMA 2,TEMA 2,INDIRA,INDIRA,TEMA 2,TEMA 2,T,DENA,DENA,TEMA 2,TEMA 2,T,,,,,,,,,,,,,,,,,,,,,,,,,,
,,,107,,,,,,,,,,,,,,,,,DI KELAS,,,,,,,,,,,,,,,,,,DI LAPANG,,,,,,,,,,,,,,,,,,,,,,,,,,,,,,,,,,,,,,,,,,,,,,,,,,,,,,,,,,,,,,,,,,,,,,,,,,
,,,108,,,,,,,,,,,,,,,,,,,,,,,,,,,,,,,,,,,,,,,,,,,,,,,,,,,,,,,,,,,,,,,,,,,,,,,,,,,,,,,,,,,,,,,,,,,,,,,,,,,,,,,,,,,,,
,XIII AK 3,MAPEL,109,UPACARA/,PROJEK,PROJEK,PROJEK,PROJEK,I,PROJEK,PROJEK,I,PROJEK,PROJEK,PROJEK,PROJEK,,,,TADARUS &,MATH,MATH,PROJEK,PROJEK,PROJEK,I,BING,BING,I,PROJEK,PROJEK,PROJEK,PROJEK,,,,,SHOLAT ,PROJEK,PROJEK,PROJEK,PROJEK,I,PROJEK,PROJEK,I,PROJEK,PROJEK,PROJEK,PROJEK,,,,,,TADARUS &,PROJEK,PROJEK,PROJEK,PROJEK,PROJEK,I,PROJEK,PROJEK,I,PROJEK,PROJEK,PROJEK,PROJEK,,,,,SENAM &,PIKET,PIKET,PIKET,PIKET,PIKET,PIKET,I,PIKET,PIKET,PIKET,PIKET,I,,,,,0,0,0,0,0,0,0,2,2,0,0,0,0,0,0,0,0,0,0,0,4,
,,,110,PERWALIAN,PKL,PKL,PKL,PKL,,PKL,PKL,,PKL,PKL,PKL,PKL,,,,SARAPAN,R.44,R.44,PKL,PKL,PKL,,R.20,R.20,,PKL,PKL,PKL,PKL,,,,,DHUHA &,PKL,PKL,PKL,PKL,,PKL,PKL,,PKL,PKL,PKL,PKL,,,,,,LITERASI ,PKL,PKL,PKL,PKL,PKL,,PKL,PKL,,PKL,PKL,PKL,PKL,,,,,JUMAT BERSIH,LAB,LAB,LAB,LAB,LAB,LAB,,LAB,LAB,LAB,LAB,,,,,,,,,,,,,,,,,,,,,,,,,,,
,,GURU,111,,TEMA 3,TEMA 3,TEMA 3,TEMA 3,,TEMA 3,TEMA 3,,TEMA 3,TEMA 3,TEMA 3,TEMA 3,,,,BERGIZI,DENA,DENA,TEMA 3,TEMA 3,TEMA 3,,INDIRA,INDIRA,,TEMA 3,TEMA 3,TEMA 3,TEMA 3,,,,,TADARUS,TEMA 3,TEMA 3,TEMA 3,TEMA 3,,TEMA 3,TEMA 3,,TEMA 3,TEMA 3,TEMA 3,TEMA 3,,,,,,DI KELAS,TEMA 3,TEMA 3,TEMA 3,TEMA 3,TEMA 3,,TEMA 3,TEMA 3,,TEMA 3,TEMA 3,TEMA 3,TEMA 3,,,,,,,,,,,,,,,,,,,,,,,,,,,,,,,,,,,,,,,,,,,
,,,112,,,,,,R,,,R,,,,,,,,DI KELAS,,,,,,R,,,R,,,,,,,,,DI LAPANG,,,,,R,,,R,,,,,,,,,,,,,,,,R,,,R,,,,,,,,,,,,,,,,R,,,,,R,,,,,,,,,,,,,,,,,,,,,,,,,,
,,,113,,,,,,,,,,,,,,,,,,,,,,,,,,,,,,,,,,,,,,,,,,,,,,,,,,,,,,,,,,,,,,,,,,,,,,,,,,,,,,,,,,,,,,,,,,,,,,,,,,,,,,,,,,,,,
,XIII AK 4,MAPEL,114,UPACARA/,PROJEK,PROJEK,PROJEK,PROJEK,,PROJEK,PROJEK,,PROJEK,PROJEK,PROJEK,PROJEK,,,,TADARUS &,PROJEK,PROJEK,PROJEK,PROJEK,PROJEK,,PROJEK,PROJEK,,PROJEK,PROJEK,PROJEK,PROJEK,,,,,SHOLAT ,BING,BING,MATH,MATH,,PROJEK,PROJEK,,PROJEK,PROJEK,PROJEK,PROJEK,,,,,,TADARUS &,PROJEK,PROJEK,PROJEK,PROJEK,PROJEK,,PROJEK,PROJEK,,PROJEK,PROJEK,PROJEK,PROJEK,,,,,SENAM &,PIKET,PIKET,PIKET,PIKET,PIKET,PIKET,,PIKET,PIKET,PIKET,PIKET,,,,,,0,0,0,0,0,0,0,2,2,0,0,0,0,0,0,0,0,0,0,0,4,
,,,115,PERWALIAN,PKL,PKL,PKL,PKL,,PKL,PKL,A,PKL,PKL,PKL,PKL,,,,SARAPAN,PKL,PKL,PKL,PKL,PKL,,PKL,PKL,A,PKL,PKL,PKL,PKL,,,,,DHUHA &,R.60B,R.60B,R.60B,R.60B,,PKL,PKL,A,PKL,PKL,PKL,PKL,,,,,,LITERASI ,PKL,PKL,PKL,PKL,PKL,,PKL,PKL,A,PKL,PKL,PKL,PKL,,,,,JUMAT BERSIH,LAB,LAB,LAB,LAB,LAB,LAB,,LAB,LAB,LAB,LAB,,,,,,,,,,,,,,,,,,,,,,,,,,,
,,GURU,116,,TEMA 4,TEMA 4,TEMA 4,TEMA 4,,TEMA 4,TEMA 4,,TEMA 4,TEMA 4,TEMA 4,TEMA 4,,,,BERGIZI,TEMA 4,TEMA 4,TEMA 4,TEMA 4,TEMA 4,,TEMA 4,TEMA 4,,TEMA 4,TEMA 4,TEMA 4,TEMA 4,,,,,TADARUS,INDIRA,INDIRA,DENA,DENA,,TEMA 4,TEMA 4,,TEMA 4,TEMA 4,TEMA 4,TEMA 4,,,,,,DI KELAS,TEMA 4,TEMA 4,TEMA 4,TEMA 4,TEMA 4,,TEMA 4,TEMA 4,,TEMA 4,TEMA 4,TEMA 4,TEMA 4,,,,,,,,,,,,,,,,,,,,,,,,,,,,,,,,,,,,,,,,,,,
,,,117,,,,,,,,,,,,,,,,,DI KELAS,,,,,,,,,,,,,,,,,,DI LAPANG,,,,,,,,,,,,,,,,,,,,,,,,,,,,,,,,,,,,,,,,,,,,,,,,,,,,,,,,,,,,,,,,,,,,,,,,,,
,,,118,,,,,,H,,,H,,,,,,,,,,,,,,H,,,H,,,,,,,,,,,,,,H,,,H,,,,,,,,,,,,,,,,H,,,H,,,,,,,,,,,,,,,,H,,,,,H,,,,,,,,,,,,,,,,,,,,,,,,,,
,XIII AK 5,MAPEL,119,UPACARA/,PROJEK,PROJEK,PROJEK,PROJEK,,PROJEK,PROJEK,,PROJEK,PROJEK,PROJEK,PROJEK,,,,TADARUS &,PIKET,PIKET,PIKET,PIKET,PIKET,,PIKET,PIKET,,PIKET,PIKET,PIKET,PIKET,,,,,SHOLAT ,PROJEK,PROJEK,PROJEK,PROJEK,,PROJEK,PROJEK,,PROJEK,PROJEK,PROJEK,PROJEK,,,,,,TADARUS &,BING,BING,MATH,MATH,PROJEK,,PROJEK,PROJEK,,PROJEK,PROJEK,PROJEK,PROJEK,,,,,SENAM &,PROJEK,PROJEK,PROJEK,PROJEK,PROJEK,PROJEK,,PROJEK,PROJEK,PROJEK,PROJEK,,,,,,0,0,0,0,0,0,0,2,2,0,0,0,0,0,0,0,0,0,0,0,4,
,,,120,PERWALIAN,PKL,PKL,PKL,PKL,,PKL,PKL,,PKL,PKL,PKL,PKL,,,,SARAPAN,LAB,LAB,LAB,LAB,LAB,,LAB,LAB,,LAB,LAB,LAB,LAB,,,,,DHUHA &,PKL,PKL,PKL,PKL,,PKL,PKL,,PKL,PKL,PKL,PKL,,,,,,LITERASI ,R.48,R.48,R.48,R.48,PKL,,PKL,PKL,,PKL,PKL,PKL,PKL,,,,,JUMAT BERSIH,PKL,PKL,PKL,PKL,PKL,PKL,,PKL,PKL,PKL,PKL,,,,,,,,,,,,,,,,,,,,,,,,,,,
,,GURU,121,,TEMA 5,TEMA 5,TEMA 5,TEMA 5,,TEMA 5,TEMA 5,,TEMA 5,TEMA 5,TEMA 5,TEMA 5,,,,BERGIZI,,,,,,,,,,,,,,,,,,TADARUS,TEMA 5,TEMA 5,TEMA 5,TEMA 5,,TEMA 5,TEMA 5,,TEMA 5,TEMA 5,TEMA 5,TEMA 5,,,,,,DI KELAS,INDIRA,INDIRA,DENA,DENA,TEMA 5,,TEMA 5,TEMA 5,,TEMA 5,TEMA 5,TEMA 5,TEMA 5,,,,,,TEMA 5,TEMA 5,TEMA 5,TEMA 5,TEMA 5,TEMA 5,A,TEMA 5,TEMA 5,TEMA 5,TEMA 5,A,,,,,,,,,,,,,,,,,,,,,,,,,,
,,,122,,,,,,,,,,,,,,,,,DI KELAS,,,,,,,,,,,,,,,,,,DI LAPANG,,,,,,,,,,,,,,,,,,,,,,,,,,,,,,,,,,,,,,,,,,,,,,,,,,,,,,,,,,,,,,,,,,,,,,,,,,
,,,123,,,,,,,,,,,,,,,,,,,,,,,,,,,,,,,,,,,,,,,,,,,,,,,,,,,,,,,,,,,,,,,,,,,,,,,,,,,,,,,,,,,,,,,,,,,,,,,,,,,,,,,,,,,,,
,XIII AK 6,MAPEL,124,UPACARA/,PROJEK,PROJEK,PROJEK,PROJEK,T,PROJEK,PROJEK,T,PROJEK,PROJEK,PROJEK,PROJEK,,,,TADARUS &,PROJEK,PROJEK,PROJEK,PROJEK,PROJEK,T,PROJEK,PROJEK,T,PROJEK,PROJEK,PROJEK,PROJEK,,,,,SHOLAT ,PIKET,PIKET,PIKET,PIKET,T,PIKET,PIKET,T,PIKET,PIKET,PIKET,PIKET,,,,,,TADARUS &,MATH,MATH,BING,BING,PROJEK,T,PROJEK,PROJEK,T,PROJEK,PROJEK,PROJEK,PROJEK,,,,,SENAM &,PROJEK,PROJEK,PROJEK,PROJEK,PROJEK,PROJEK,T,PROJEK,PROJEK,PROJEK,PROJEK,T,,,,,0,0,0,0,0,0,0,2,2,0,0,0,0,0,0,0,0,0,0,0,4,
,,,125,PERWALIAN,PKL,PKL,PKL,PKL,,PKL,PKL,,PKL,PKL,PKL,PKL,,,,SARAPAN,PKL,PKL,PKL,PKL,PKL,,PKL,PKL,,PKL,PKL,PKL,PKL,,,,,DHUHA &,LAB,LAB,LAB,LAB,,LAB,LAB,,LAB,LAB,LAB,LAB,,,,,,LITERASI ,R.52,R.52,R.52,R.52,PKL,,PKL,PKL,,PKL,PKL,PKL,PKL,,,,,JUMAT BERSIH,PKL,PKL,PKL,PKL,PKL,PKL,,PKL,PKL,PKL,PKL,,,,,,,,,,,,,,,,,,,,,,,,,,,
,,GURU,126,,TEMA 6,TEMA 6,TEMA 6,TEMA 6,,TEMA 6,TEMA 6,,TEMA 6,TEMA 6,TEMA 6,TEMA 6,,,,BERGIZI,TEMA 6,TEMA 6,TEMA 6,TEMA 6,TEMA 6,,TEMA 6,TEMA 6,,TEMA 6,TEMA 6,TEMA 6,TEMA 6,,,,,TADARUS,,,,,,,,,,,,,,,,,,DI KELAS,DENA,DENA,INDIRA,INDIRA,TEMA 6,,TEMA 6,TEMA 6,,TEMA 6,TEMA 6,TEMA 6,TEMA 6,,,,,,TEMA 6,TEMA 6,TEMA 6,TEMA 6,TEMA 6,TEMA 6,,TEMA 6,TEMA 6,TEMA 6,TEMA 6,,,,,,,,,,,,,,,,,,,,,,,,,,,
,,,127,,,,,,,,,,,,,,,,,DI KELAS,,,,,,,,,,,,,,,,,,DI LAPANG,,,,,,,,,,,,,,,,,,,,,,,,,,,,,,,,,,,,,,,,,,,,,,,,,,,,,,,,,,,,,,,,,,,,,,,,,,
,,,128,,,,,,,,,,,,,,,,,,,,,,,,,,,,,,,,,,,,,,,,,,,,,,,,,,,,,,,,,,,,,,,,,,,,,,,,,,,,,,,,,,,,,,,,,,,,,,,,,,,,,,,,,,,,,
,,,129,,,,,,,,,,,,,,,,,,,,,,,,,,,,,,,,,,,,,,,,,,,,,,,,,,,,,,,,,,,,,,,,,,,,,,,,,,,,,,,,,,,,,,,,PABP,PPAN,BIND,PJOK,SJRH,SBDY,BSUN,MATH,BING,INFR,IPAS,DPK1,DPK2,DPK3,,,,,,BPBK,,
,X TKJ 1,MAPEL,130,UPACARA/,DPK1,DPK1,DPK1,DPK1,,PJOK,PJOK,ISTIRAHAT,PABP,PABP,PABP,TUGAS MANDIRI,,,,TADARUS &,MATH,MATH,INFR,INFR,INFR,,INFR,BIND,ISTIRAHAT,BIND,BING,BING,TUGAS MANDIRI,,,,,SHOLAT ,PPAN,PPAN,BING,BING,,BIND,BIND,ISTIRAHAT,DPK2,DPK2,DPK2,DPK2,,,,,,TADARUS &,IPAS,IPAS,IPAS,IPAS,BSUN,,BSUN,BPBK,ISTIRAHAT,IPAS,IPAS,MATH,MATH,,,,,SENAM &,SJRH,SJRH,SBDY,SBDY,DPK3,DPK3,ISTIRAHAT,DPK3,DPK3,TUGAS MANDIRI,TUGAS MANDIRI,,,,,,3,2,4,2,2,2,2,4,4,4,6,4,4,4,0,0,0,0,0,1,48,
,,RUANG,131,PERWALIAN,R.39,R.39,R.39,R.39,I,LAP,LAP,DZUHUR,R.53,R.53,R.53,,,,,SARAPAN,R.53,R.53,R.34,R.34,R.34,I,R.34,R.53,DZUHUR,R.53,R.53,R.53,,,,,,DHUHA &,R.53,R.53,R.53,R.53,I,R.53,R.53,DZUHUR,R.39,R.39,R.39,R.39,,,,,,LITERASI ,R.53,R.53,R.53,R.53,R.53,I,R.53,R.53,DZUHUR,R.53,R.53,R.53,R.53,,,,,JUMAT BERSIH,R.53,R.53,R.53,R.53,R.39,R.39,DZUHUR,R.39,R.39,,,I,,,,,,,,,,,,,,,,,,,,,,,,,,
,,GURU,132,,RITA,RITA,RITA,RITA,S,YENI,YENI,MESJID,RUHYA,RUHYA,RUHYA,DI KELAS,,,,BERGIZI,ETI,ETI,KANIA,KANIA,KANIA,S,KANIA,NURUL,MESJID,NURUL,SHENDY,SHENDY,DI KELAS,,,,,TADARUS,TUBAGUS,TUBAGUS,SHENDY,SHENDY,S,NURUL,NURUL,MESJID,ERMA,ERMA,ERMA,ERMA,,,,,,DI KELAS,ANNISA,ANNISA,ANNISA,ANNISA,DESTA,S,DESTA,HALIDA,MESJID,RITA,RITA,ETI,ETI,,,,,,APRIL,APRIL,ADIW,ADIW,NOGI,NOGI,MESJID,NOGI,NOGI,DI KELAS,DI KELAS,S,,,,,,,,,,,,,,,,,,,,,,,,,,
,,,133,,,,,,T,,,,,,,,,,,DI KELAS,,,,,,T,,,,,,,,,,,,DI LAPANG,,,,,T,,,,,,,,,,,,,,,,,,,T,,,,,,,,,,,,,,,,,,,,,,,,T,,,,,,,,,,,,,,,,,,,,,,,,,,
,X TKJ 2,MAPEL,134,UPACARA/,PJOK,PJOK,SJRH,SJRH,I,BIND,BIND,ISTIRAHAT,DPK3,DPK3,DPK3,DPK3,,,,TADARUS &,DPK1,DPK1,DPK1,DPK1,BING,I,BING,BSUN,ISTIRAHAT,BSUN,MATH,MATH,TUGAS MANDIRI,,,,,SHOLAT ,BIND,BIND,MATH,MATH,I,IPAS,IPAS,ISTIRAHAT,IPAS,IPAS,BPBK,TUGAS MANDIRI,,,,,,TADARUS &,SBDY,SBDY,PABP,PABP,PABP,I,IPAS,IPAS,ISTIRAHAT,DPK2,DPK2,DPK2,DPK2,,,,,SENAM &,INFR,INFR,INFR,INFR,BING,BING,ISTIRAHAT,PPAN,PPAN,TUGAS MANDIRI,TUGAS MANDIRI,I,,,,,3,2,4,2,2,2,2,4,4,4,6,4,4,4,0,0,0,0,0,1,48,
,,RUANG,135,PERWALIAN,LAP,LAP,R.54,R.54,R,R.54,R.54,DZUHUR,R.39,R.39,R.39,R.39,,,,SARAPAN,R.39,R.39,R.39,R.39,R.54,R,R.54,R.54,DZUHUR,R.54,R.54,R.54,,,,,,DHUHA &,R.54,R.54,R.54,R.54,R,R.54,R.54,DZUHUR,R.54,R.54,R.54,,,,,,,LITERASI ,R.54,R.54,R.54,R.54,R.54,R,R.54,R.54,DZUHUR,R.39,R.39,R.39,R.39,,,,,JUMAT BERSIH,R.34,R.34,R.34,R.34,R.54,R.54,DZUHUR,R.54,R.54,,,R,,,,,,,,,,,,,,,,,,,,,,,,,,
,,GURU,136,,YENI,YENI,APRIL,APRIL,A,NURUL,NURUL,MESJID,NOGI,NOGI,NOGI,NOGI,,,,BERGIZI,RITA,RITA,RITA,RITA,SHENDY,A,SHENDY,DESTA,MESJID,DESTA,ETI,ETI,DI KELAS,,,,,TADARUS,NURUL,NURUL,ETI,ETI,A,ANNISA,ANNISA,MESJID,ANNISA,ANNISA,HALIDA,DI KELAS,,,,,,DI KELAS,ADIW,ADIW,RUHYA,RUHYA,RUHYA,A,RITA,RITA,MESJID,ERMA,ERMA,ERMA,ERMA,,,,,,KANIA,KANIA,KANIA,KANIA,SHENDY,SHENDY,MESJID,SUKMA,SUKMA,DI KELAS,DI KELAS,A,,,,,,,,,,,,,,,,,,,,,,,,,,
,,,137,,,,,,H,,,,,,,,,,,DI KELAS,,,,,,H,,,,,,,,,,,,DI LAPANG,,,,,H,,,,,,,,,,,,,,,,,,,H,,,,,,,,,,,,,,,,,,,,,,,,H,,,,,,,,,,,,,,,,,,,,,,,,,,
,X TKJ 3,MAPEL,138,UPACARA/,IPAS,IPAS,IPAS,IPAS,A,IPAS,IPAS,ISTIRAHAT,INFR,INFR,INFR,INFR,,,,TADARUS &,BIND,BIND,MATH,MATH,BPBK,A,DPK2,DPK2,ISTIRAHAT,DPK2,DPK2,TUGAS MANDIRI,TUGAS MANDIRI,,,,,SHOLAT ,SBDY,SBDY,BIND,BIND,A,PPAN,PPAN,ISTIRAHAT,MATH,MATH,BSUN,BSUN,,,,,,TADARUS &,DPK1,DPK1,DPK1,DPK1,BING,A,BING,PABP,ISTIRAHAT,PABP,PABP,PJOK,PJOK,,,,,SENAM &,DPK3,DPK3,DPK3,DPK3,SJRH,SJRH,ISTIRAHAT,BING,BING,TUGAS MANDIRI,TUGAS MANDIRI,A,,,,,3,2,4,2,2,2,2,4,4,4,6,4,4,4,0,0,0,0,0,1,48,
,,RUANG,139,PERWALIAN,R.55,R.55,R.55,R.55,T,R.55,R.55,DZUHUR,R.34,R.34,R.34,R.34,,,,SARAPAN,R.55,R.55,R.55,R.55,R.55,T,R.39,R.39,DZUHUR,R.39,R.39,,,,,,,DHUHA &,R.55,R.55,R.55,R.55,T,R.55,R.55,DZUHUR,R.55,R.55,R.55,R.55,,,,,,LITERASI ,R.39,R.39,R.39,R.39,R.55,T,R.55,R.55,DZUHUR,R.55,R.55,LAP,LAP,,,,,JUMAT BERSIH,R.39,R.39,R.39,R.39,R.55,R.55,DZUHUR,R.55,R.55,,,T,,,,,,,,,,,,,,,,,,,,,,,,,,
,,GURU,140,,TUBAGUS,TUBAGUS,TUBAGUS,TUBAGUS,,RITA,RITA,MESJID,KANIA,KANIA,KANIA,KANIA,,,,BERGIZI,NURUL,NURUL,ETI,ETI,HALIDA,,ERMA,ERMA,MESJID,ERMA,ERMA,DI KELAS,DI KELAS,,,,,TADARUS,ADIW,ADIW,NURUL,NURUL,,SUKMA,SUKMA,MESJID,ETI,ETI,DESTA,DESTA,,,,,,DI KELAS,RITA,RITA,RITA,RITA,SHENDY,,SHENDY,RUHYA,MESJID,RUHYA,RUHYA,YENI,YENI,,,,,,NOGI,NOGI,NOGI,NOGI,APRIL,APRIL,MESJID,SHENDY,SHENDY,DI KELAS,DI KELAS,,,,,,,,,,,,,,,,,,,,,,,,,,,
,,,141,,,,,,,,,,,,,,,,,DI KELAS,,,,,,,,,,,,,,,,,,DI LAPANG,,,,,,,,,,,,,,,,,,,,,,,,,,,,,,,,,,,,,,,,,,,,,,,,,,,,,,,,,,,,,,,,,,,,,,,,,,
,,,142,,,,,,,,,,,,,,,,,,,,,,,,,,,,,,,,,,,,,,,,,,,,,,,,,,,,,,,,,,,,,,,,,,,,,,,,,,,,,,,,,,,,,,,,PABP,PPAN,BIND,PJOK,SJRH,SBDY,BSUN,MATH,BING,,,TJKN,ASJ,PPJ,PKPJ,PKWU,PKK,STA,M. PIL,BPBK,,
,XI TKJ 1,MAPEL,143,UPACARA/,PKPJ,PKPJ,PKPJ,PKPJ,,PKK,PKK,ISTIRAHAT,BIND,BIND,BIND,TUGAS MANDIRI,,,,TADARUS &,PPJ,PPJ,PPJ,PPJ,PPJ,,PPJ,BPBK,ISTIRAHAT,SJRH,SJRH,PPAN,PPAN,,,,,SHOLAT ,TJKN,TJKN,TJKN,TJKN,,TJKN,TJKN,ISTIRAHAT,BING,BING,PJOK,PJOK,,,,,,TADARUS &,ASJ,ASJ,ASJ,ASJ,ASJ,,ASJ,BSUN,BSUN,ISTIRAHAT,BING,BING,TUGAS MANDIRI,,,,,SENAM &,MATH,MATH,MATH,PABP,PABP,PABP,ISTIRAHAT,M. PIL,M. PIL,M. PIL,TUGAS MANDIRI,,,,,,3,2,3,2,2,0,2,3,4,0,0,6,6,6,4,0,2,0,3,1,49,
,,RUANG,144,PERWALIAN,R.38,R.38,R.38,R.38,I,R.29,R.29,DZUHUR,R.29,R.29,R.29,,,,,SARAPAN,R.38,R.38,R.38,R.38,R.38,I,R.38,R.29,DZUHUR,R.29,R.29,R.29,R.29,,,,,DHUHA &,R.33,R.33,R.33,R.33,I,R.33,R.33,DZUHUR,R.29,R.29,LAP,LAP,,,,,,LITERASI ,R.40,R.40,R.40,R.40,R.40,I,R.39,R.29,R.29,DZUHUR,R.29,R.29,,,,,,JUMAT BERSIH,R.29,R.29,R.29,R.29,R.29,R.29,DZUHUR,R.29,R.29,R.29,,I,,,,,,,,,,,,,,,,,,,,,,,,,,
,,GURU,145,,PRIYO,PRIYO,PRIYO,PRIYO,S,KANIA,KANIA,MESJID,NURUL,NURUL,NURUL,DI KELAS,,,,BERGIZI,ATEP,ATEP,ATEP,ATEP,ATEP,S,ATEP,HAZAR,MESJID,SUKMA,SUKMA,ELA,ELA,,,,,TADARUS,NOGI,NOGI,NOGI,NOGI,S,NOGI,NOGI,MESJID,LIA,LIA,TAUFIK,TAUFIK,,,,,,DI KELAS,HARRY,HARRY,HARRY,HARRY,HARRY,S,HARRY,DESTA,DESTA,MESJID,LIA,LIA,DI KELAS,,,,,,NOFA,NOFA,NOFA,WENI,WENI,WENI,MESJID,KANIA,KANIA,KANIA,DI KELAS,S,,,,,,,,,,,,,,,,,,,,,,,,,,
,,,146,,,,,,T,,,,,,,,,,,DI KELAS,,,,,,T,,,,,,,,,,,,DI LAPANG,,,,,T,,,,,,,,,,,,,,,,,,,T,,,,,,,,,,,,,,,,,,,,,,,,T,,,,,,,,,,,,,,,,,,,,,,,,,,
,XI TKJ 2,MAPEL,147,UPACARA/,TJKN,TJKN,TJKN,TJKN,I,TJKN,TJKN,ISTIRAHAT,BING,BING,SJRH,SJRH,,,,TADARUS &,PKK,PKK,BIND,BIND,BIND,I,BING,BING,ISTIRAHAT,PKPJ,PKPJ,PKPJ,PKPJ,,,,,SHOLAT ,BSUN,BSUN,PJOK,PJOK,I,PPJ,PPJ,ISTIRAHAT,PPJ,PPJ,PPJ,PPJ,,,,,,TADARUS &,M. PIL,M. PIL,M. PIL,MATH,MATH,I,MATH,PABP,PABP,ISTIRAHAT,PABP,BPBK,TUGAS MANDIRI,,,,,SENAM &,ASJ,ASJ,ASJ,ASJ,ASJ,ASJ,ISTIRAHAT,TUGAS MANDIRI,PPAN,PPAN,TUGAS MANDIRI,I,,,,,3,2,3,2,2,0,2,3,4,0,0,6,6,6,4,0,2,0,3,1,49,
,,RUANG,148,PERWALIAN,R.33,R.33,R.33,R.33,R,R.33,R.33,DZUHUR,R.55,R.55,R.55,R.55,,,,SARAPAN,R.PUS2,R.PUS2,R.PUS2,R.PUS2,R.PUS2,R,R.PUS2,R.PUS2,DZUHUR,R.38,R.38,R.38,R.38,,,,,DHUHA &,R.PUS2,R.PUS2,LAP,LAP,R,R.29,R.29,DZUHUR,R.38,R.38,R.38,R.38,,,,,,LITERASI ,R.PUS2,R.PUS2,R.PUS2,R.PUS2,R.PUS2,R,R.PUS2,R.PUS2,R.PUS2,DZUHUR,R.PUS2,R.PUS2,,,,,,JUMAT BERSIH,R.40,R.40,R.40,R.40,R.40,R.40,DZUHUR,,R.PUS2,R.PUS2,,R,,,,,,,,,,,,,,,,,,,,,,,,,,
,,GURU,149,,NOGI,NOGI,NOGI,NOGI,A,NOGI,NOGI,MESJID,LIA,LIA,SUDARMI,SUDARMI,,,,BERGIZI,KANIA,KANIA,NURUL,NURUL,NURUL,A,LIA,LIA,MESJID,PRIYO,PRIYO,PRIYO,PRIYO,,,,,TADARUS,DESTA,DESTA,TAUFIK,TAUFIK,A,ATEP,ATEP,MESJID,ATEP,ATEP,ATEP,ATEP,,,,,,DI KELAS,KANIA,KANIA,KANIA,NOFA,NOFA,A,NOFA,WENI,WENI,MESJID,WENI,HAZAR,DI KELAS,,,,,,DEDI,DEDI,DEDI,DEDI,DEDI,DEDI,MESJID,DI KELAS,ELA,ELA,DI KELAS,A,,,,,,,,,,,,,,,,,,,,,,,,,,
,,,150,,,,,,H,,,,,,,,,,,DI KELAS,,,,,,H,,,,,,,,,,,,DI LAPANG,,,,,H,,,,,,,,,,,,,,,,,,,H,,,,,,,,,,,,,,,,,,,,,,,,H,,,,,,,,,,,,,,,,,,,,,,,,,,
,XI TKJ 3,MAPEL,151,UPACARA/,BSUN,BSUN,BING,BING,A,PPJ,PPJ,ISTIRAHAT,PPJ,PPJ,PPJ,PPJ,,,,TADARUS &,ASJ,ASJ,ASJ,ASJ,ASJ,A,ASJ,MATH,ISTIRAHAT,MATH,MATH,SJRH,SJRH,,,,,SHOLAT ,PJOK,PJOK,BING,BING,A,PPAN,PPAN,ISTIRAHAT,BPBK,BIND,BIND,BIND,,,,,,TADARUS &,TJKN,TJKN,TJKN,TJKN,TJKN,A,TJKN,M. PIL,M. PIL,ISTIRAHAT,M. PIL,TUGAS MANDIRI,TUGAS MANDIRI,,,,,SENAM &,PKPJ,PKPJ,PKPJ,PKPJ,PKK,PKK,ISTIRAHAT,PABP,PABP,PABP,TUGAS MANDIRI,A,,,,,3,2,3,2,2,0,2,3,4,0,0,6,6,6,4,0,2,0,3,1,49,
,,RUANG,152,PERWALIAN,R.PUS1,R.PUS1,R.PUS1,R.PUS1,T,R.38,R.38,DZUHUR,R.38,R.38,R.38,R.38,,,,SARAPAN,R.40,R.40,R.40,R.40,R.40,T,R.40,R.PUS1,DZUHUR,R.PUS1,R.PUS1,R.PUS1,R.PUS1,,,,,DHUHA &,LAP,LAP,R.PUS1,R.PUS1,T,R.PUS2,R.PUS2,DZUHUR,R.PUS2,R.PUS1,R.PUS1,R.PUS1,,,,,,LITERASI ,R.33,R.33,R.33,R.33,R.33,T,R.33,R.PUS1,R.PUS1,DZUHUR,R.PUS1,,,,,,,JUMAT BERSIH,R.38,R.38,R.38,R.38,R.PUS1,R.PUS1,DZUHUR,R.PUS1,R.PUS1,R.PUS1,,T,,,,,,,,,,,,,,,,,,,,,,,,,,
,,GURU,153,,DESTA,DESTA,LIA,LIA,,ATEP,ATEP,MESJID,ATEP,ATEP,ATEP,ATEP,,,,BERGIZI,HARRY,HARRY,HARRY,HARRY,HARRY,,HARRY,NOFA,MESJID,NOFA,NOFA,SUKMA,SUKMA,,,,,TADARUS,TAUFIK,TAUFIK,LIA,LIA,,ELA,ELA,MESJID,HAZAR,NURUL,NURUL,NURUL,,,,,,DI KELAS,NOGI,NOGI,NOGI,NOGI,NOGI,,NOGI,KANIA,KANIA,MESJID,KANIA,DI KELAS,DI KELAS,,,,,,PRIYO,PRIYO,PRIYO,PRIYO,KANIA,KANIA,MESJID,WENI,WENI,WENI,DI KELAS,,,,,,,,,,,,,,,,,,,,,,,,,,,
,,,154,,,,,,,,,,,,,,,,,DI KELAS,,,,,,,,,,,,,,,,,,DI LAPANG,,,,,,,,,,,,,,,,,,,,,,,,,,,,,,,,,,,,,,,,,,,,,,,,,,,,,,,,,,,,,,,,,,,,,,,,,,
,,,155,,,,,,,,,,,,,,,,,,,,,,,,,,,,,,,,,,,,,,,,,,,,,,,,,,,,,,,,,,,,,,,,,,,,,,,,,,,,,,,,,,,,,,,,PABP,PPAN,BIND,`,,,BJPG,MATH,BING,,,TJKN,PKPJ,ASJ,KJ,MikAC,PKK,,,BPBK,,
,XII TKJ 1,MAPEL,156,UPACARA/,MATH,MATH,MATH,BPBK,,ASJ,ASJ,ISTIRAHAT,ASJ,ASJ,ASJ,ASJ,,,,TADARUS &,BIND,BIND,BIND,BING,BING,,PKK,PKK,ISTIRAHAT,PKK,TUGAS MANDIRI,TUGAS MANDIRI,TUGAS MANDIRI,,,,,SHOLAT ,KJ,KJ,KJ,KJ,,TJKN,TJKN,ISTIRAHAT,TJKN,TJKN,TJKN,TJKN,,,,,,TADARUS &,PABP,PABP,PABP,BJPG,BJPG,,PKPJ,PKPJ,ISTIRAHAT,PKPJ,PKPJ,PKPJ,PKPJ,,,,,SENAM &,MikAC,MikAC,MikAC,MikAC,MikAC,MikAC,ISTIRAHAT,PPAN,PPAN,TUGAS MANDIRI,TUGAS MANDIRI,,,,,,3,2,3,0,0,0,2,3,2,0,0,6,6,6,4,6,3,0,0,1,47,
,,,157,PERWALIAN,R.52,R.52,R.52,R.52,,R.40,R.40,DZUHUR,R.40,R.40,R.40,R.40,,,,SARAPAN,R.45,R.45,R.45,R.45,R.45,,R.45,R.45,DZUHUR,R.45,,,,,,,,DHUHA &,R.39,R.39,R.39,R.39,,R.39,R.39,DZUHUR,R.33,R.33,R.33,R.33,,,,,,LITERASI ,R.60B,R.60B,R.60B,R.60B,R.60B,,R.38,R.38,DZUHUR,R.38,R.38,R.38,R.38,,,,,JUMAT BERSIH,R.PUS2,R.PUS2,R.PUS2,R.PUS2,R.PUS2,R.PUS2,DZUHUR,R.19,R.19,,,I,,,,,,,,,,,,,,,,,,,,,,,,,,
,,,158,,NOFA,NOFA,NOFA,EVA,,DEDI,DEDI,MESJID,DEDI,DEDI,DEDI,DEDI,,,,BERGIZI,RINA,RINA,RINA,INDIRA,INDIRA,,RITA,RITA,MESJID,RITA,DI KELAS,DI KELAS,DI KELAS,,,,,TADARUS,ATEP,ATEP,ATEP,ATEP,,HARRY,HARRY,MESJID,HARRY,HARRY,HARRY,HARRY,,,,,,DI KELAS,WENI,WENI,WENI,RINI,RINI,,PRIYO,PRIYO,MESJID,PRIYO,PRIYO,PRIYO,PRIYO,,,,,,HASAN,HASAN,HASAN,HASAN,HASAN,HASAN,MESJID,TUBAGUS,TUBAGUS,DI KELAS,DI KELAS,S,,,,,,,,,,,,,,,,,,,,,,,,,,
,,,159,,,,,,T,,,,,,,,,,,DI KELAS,,,,,,T,,,,,,,,,,,,DI LAPANG,,,,,T,,,,,,,,,,,,,,,,,,,T,,,,,,,,,,,,,,,,,,,,,,,,T,,,,,,,,,,,,,,,,,,,,,,,,,,
,XII TKJ 2,MAPEL,160,UPACARA/,MikAC,MikAC,MikAC,MikAC,,MikAC,MikAC,ISTIRAHAT,PPAN,PPAN,TUGAS MANDIRI,TUGAS MANDIRI,,,,TADARUS &,MATH,MATH,MATH,BIND,BIND,I,BIND,TJKN,ISTIRAHAT,TJKN,TJKN,TJKN,TJKN,TJKN,,,,SHOLAT ,PKK,PKK,PKK,BPBK,I,ASJ,ASJ,ISTIRAHAT,ASJ,ASJ,ASJ,ASJ,,,,,,TADARUS &,BJPG,BJPG,TUGAS MANDIRI,PABP,PABP,I,PABP,KJ,KJ,ISTIRAHAT,KJ,KJ,TUGAS MANDIRI,,,,,SENAM &,BING,BING,TUGAS MANDIRI,TUGAS MANDIRI,PKPJ,PKPJ,ISTIRAHAT,PKPJ,PKPJ,PKPJ,PKPJ,I,,,,,3,2,3,0,0,0,2,3,2,0,0,6,6,6,4,6,3,0,0,1,47,
,,,161,PERWALIAN,R.PUS2,R.PUS2,R.PUS2,R.PUS2,,R.PUS2,R.PUS2,DZUHUR,R.PUS2,R.PUS2,,,,,,SARAPAN,R.52,R.52,R.52,R.52,R.52,,R.52,R.33,DZUHUR,R.33,R.33,R.33,R.33,R.33,,,,DHUHA &,R.57,R.57,R.57,R.57,,R.40,R.40,DZUHUR,R.40,R.40,R.40,R.40,,,,,,LITERASI ,R.PUS1,R.PUS1,,R.PUS1,R.PUS1,,R.PUS1,R.33,R.33,DZUHUR,R.33,R.33,,,,,,JUMAT BERSIH,R.47,R.47,,,R.38,R.38,DZUHUR,R.38,R.38,R.38,R.38,R,,,,,,,,,,,,,,,,,,,,,,,,,,
,,,162,,HASAN,HASAN,HASAN,HASAN,,HASAN,HASAN,MESJID,TUBAGUS,TUBAGUS,DI KELAS,DI KELAS,,,,BERGIZI,NOFA,NOFA,NOFA,RINA,RINA,,RINA,HARRY,MESJID,HARRY,HARRY,HARRY,HARRY,HARRY,,,,TADARUS,RITA,RITA,RITA,EVA,,DEDI,DEDI,MESJID,DEDI,DEDI,DEDI,DEDI,,,,,,DI KELAS,RINI,RINI,DI KELAS,WENI,WENI,,WENI,ATEP,ATEP,MESJID,ATEP,ATEP,DI KELAS,,,,,,INDIRA,INDIRA,DI KELAS,DI KELAS,PRIYO,PRIYO,MESJID,PRIYO,PRIYO,PRIYO,PRIYO,A,,,,,,,,,,,,,,,,,,,,,,,,,,
,,,163,,,,,,,,,,,,,,,,,DI KELAS,,,,,,H,,,,,,,,,,,,DI LAPANG,,,,,H,,,,,,,,,,,,,,,,,,,H,,,,,,,,,,,,,,,,,,,,,,,,H,,,,,,,,,,,,,,,,,,,,,,,,,,
,XII TKJ 3,MAPEL,164,UPACARA/,TJKN,TJKN,TJKN,TJKN,A,TJKN,TJKN,ISTIRAHAT,BING,BING,PPAN,PPAN,,,,TADARUS &,MikAC,MikAC,MikAC,MikAC,MikAC,A,MikAC,BIND,ISTIRAHAT,BIND,BIND,TUGAS MANDIRI,TUGAS MANDIRI,,,,,SHOLAT ,PKPJ,PKPJ,PKPJ,PKPJ,A,PKPJ,PKPJ,ISTIRAHAT,PKK,PKK,PKK,TUGAS MANDIRI,,,,,,TADARUS &,MATH,MATH,MATH,BPBK,TUGAS MANDIRI,A,ASJ,ASJ,ASJ,ISTIRAHAT,ASJ,ASJ,ASJ,,,,,SENAM &,PABP,PABP,PABP,BJPG,BJPG,TUGAS MANDIRI,ISTIRAHAT,KJ,KJ,KJ,KJ,A,,,,,3,2,3,0,0,0,2,3,2,0,0,6,6,6,4,6,3,0,0,1,47,
,,,165,PERWALIAN,R.40,R.40,R.40,R.40,,R.39,R.39,DZUHUR,R.54,R.54,R.PUS2,R.PUS2,,,,SARAPAN,R.33,R.33,R.33,R.33,R.33,,R.33,R.46,DZUHUR,R.46,R.46,,,,,,,DHUHA &,R.38,R.38,R.38,R.38,,R.38,R.38,DZUHUR,R.58,R.58,R.58,,,,,,,LITERASI ,R.55,R.55,R.55,R.55,,,R.40,R.40,R.40,DZUHUR,R.40,R.40,R.40,,,,,JUMAT BERSIH,R.56,R.56,R.56,R.56,R.56,,DZUHUR,R.33,R.33,R.33,R.33,,,,,,,,,,,,,,,,,,,,,,,,,,,
,,,166,,HARRY,HARRY,HARRY,HARRY,,HARRY,HARRY,MESJID,INDIRA,INDIRA,TUBAGUS,TUBAGUS,,,,BERGIZI,HASAN,HASAN,HASAN,HASAN,HASAN,,HASAN,RINA,MESJID,RINA,RINA,DI KELAS,DI KELAS,,,,,TADARUS,PRIYO,PRIYO,PRIYO,PRIYO,,PRIYO,PRIYO,MESJID,RITA,RITA,RITA,DI KELAS,,,,,,DI KELAS,SARI,SARI,SARI,EVA,DI KELAS,,DEDI,DEDI,DEDI,MESJID,DEDI,DEDI,DEDI,,,,,,WENI,WENI,WENI,RINI,RINI,DI KELAS,MESJID,ATEP,ATEP,ATEP,ATEP,,,,,,,,,,,,,,,,,,,,,,,,,,,
,,,167,,,,,,,,,,,,,,,,,DI KELAS,,,,,,,,,,,,,,,,,,DI LAPANG,,,,,,,,,,,,,,,,,,,,,,,,,,,,,,,,,,,,,,,,,,,,,,,,,,,,,,,,,,,,,,,,,,,,,,,,,,
,,,168,,,,,,,,,,,,,,,,,,,,,,,,,,,,,,,,,,,,,,,,,,,,,,,,,,,,,,,,,,,,,,,,,,,,,,,,,,,,,,,,,,,,,,,,PABP,PPAN,BIND,PJOK,SJRH,SBDY,BSUN,MATH,BING,INFR,IPAS,DPK,,,,,,,,BPBK,,
,X RPL 1,MAPEL,169,UPACARA/,BIND,BIND,DPK,DPK,I,DPK,DPK,ISTIRAHAT,DPK,DPK,IPAS,IPAS,,,,TADARUS &,BPBK,BING,BING,PJOK,PJOK,I,MATH,MATH,ISTIRAHAT,IPAS,IPAS,TUGAS MANDIRI,TUGAS MANDIRI,,,,,SHOLAT ,DPK,DPK,DPK,DPK,I,DPK,DPK,ISTIRAHAT,INFR,INFR,INFR,INFR,,,,,,TADARUS &,MATH,MATH,BSUN,BSUN,PPAN,I,PPAN,BIND,BIND,ISTIRAHAT,BING,BING,TUGAS MANDIRI,,,,,SENAM &,IPAS,IPAS,SJRH,SJRH,SBDY,SBDY,ISTIRAHAT,PABP,PABP,PABP,TUGAS MANDIRI,I,,,,,3,2,4,2,2,2,2,4,4,4,6,12,0,0,0,0,0,0,0,1,48,
,,RUANG,170,PERWALIAN,R.51,R.51,R.SAM2,R.SAM2,S,R.SAM2,R.SAM2,DZUHUR,R.SAM2,R.SAM2,R.51,R.51,,,,SARAPAN,R.51,R.51,R.51,LAP,LAP,S,R.51,R.51,DZUHUR,R.51,R.51,,,,,,,DHUHA &,R.41,R.41,R.41,R.41,S,R.41,R.41,DZUHUR,R.34,R.34,R.34,R.34,,,,,,LITERASI ,R.51,R.51,R.51,R.51,R.51,S,R.51,R.51,R.51,DZUHUR,R.51,R.51,,,,,,JUMAT BERSIH,R.51,R.51,R.51,R.51,R.51,R.51,DZUHUR,R.51,R.51,R.51,,S,,,,,,,,,,,,,,,,,,,,,,,,,,
,,GURU,171,,NURUL,NURUL,PURI,PURI,T,PURI,PURI,MESJID,PURI,PURI,ANGGITA,ANGGITA,,,,BERGIZI,HALIDA,SHENDY,SHENDY,YENI,YENI,T,ETI,ETI,MESJID,ODANG,ODANG,DI KELAS,DI KELAS,,,,,TADARUS,NUR,NUR,NUR,NUR,T,NUR,NUR,MESJID,JAYA,JAYA,JAYA,JAYA,,,,,,DI KELAS,ETI,ETI,DESTA,DESTA,SUKMA,T,SUKMA,NURUL,NURUL,MESJID,SHENDY,SHENDY,DI KELAS,,,,,,ODANG,ODANG,APRIL,APRIL,ADIW,ADIW,MESJID,SAMSU,SAMSU,SAMSU,DI KELAS,T,,,,,,,,,,,,,,,,,,,,,,,,,,
,,,172,,,,,,H,,,,,,,,,,,DI KELAS,,,,,,H,,,,,,,,,,,,DI LAPANG,,,,,H,,,,,,,,,,,,,,,,,,,H,,,,,,,,,,,,,,,,,,,,,,,,R,,,,,,,,,,,,,,,,,,,,,,,,,,
,X RPL 2,MAPEL,173,UPACARA/,INFR,INFR,INFR,INFR,H,IPAS,IPAS,ISTIRAHAT,MATH,MATH,BSUN,BSUN,,,,TADARUS &,DPK,DPK,DPK,DPK,DPK,H,DPK,BING,BING,ISTIRAHAT,BIND,BIND,TUGAS MANDIRI,,,,,SHOLAT ,PABP,PABP,PABP,BPBK,H,MATH,MATH,ISTIRAHAT,IPAS,IPAS,BING,BING,,,,,,TADARUS &,DPK,DPK,DPK,DPK,DPK,H,DPK,SBDY,SBDY,ISTIRAHAT,BIND,BIND,TUGAS MANDIRI,,,,,SENAM &,PPAN,PPAN,PJOK,PJOK,IPAS,IPAS,ISTIRAHAT,SJRH,SJRH,TUGAS MANDIRI,TUGAS MANDIRI,H,,,,,3,2,4,2,2,2,2,4,4,4,6,12,0,0,0,0,0,0,0,1,48,
,,RUANG,174,PERWALIAN,R.34,R.34,R.34,R.34,A,R.51,R.51,DZUHUR,R.52,R.52,R.52,R.52,,,,SARAPAN,R.SAM2,R.SAM2,R.SAM2,R.SAM2,R.SAM2,A,R.SAM2,R.52,R.52,DZUHUR,R.52,R.52,,,,,,DHUHA &,R.52,R.52,R.52,R.52,A,R.52,R.52,DZUHUR,R.52,R.52,R.52,R.52,,,,,,LITERASI ,R.41,R.41,R.41,R.41,R.41,A,R.41,R.52,R.52,DZUHUR,R.52,R.52,,,,,,JUMAT BERSIH,R.52,R.52,LAP,LAP,R.52,R.52,DZUHUR,R.52,R.52,,,A,,,,,,,,,,,,,,,,,,,,,,,,,,
,,GURU,175,,SABILA,SABILA,SABILA,SABILA,T,ANGGITA,ANGGITA,MESJID,ETI,ETI,DESTA,DESTA,,,,BERGIZI,PURI,PURI,PURI,PURI,PURI,T,PURI,SHENDY,SHENDY,MESJID,NURUL,NURUL,DI KELAS,,,,,TADARUS,SAMSU,SAMSU,SAMSU,HALIDA,T,ETI,ETI,MESJID,ODANG,ODANG,SHENDY,SHENDY,,,,,,DI KELAS,NUR,NUR,NUR,NUR,NUR,T,NUR,ADIW,ADIW,MESJID,NURUL,NURUL,DI KELAS,,,,,,SUKMA,SUKMA,YENI,YENI,ODANG,ODANG,MESJID,APRIL,APRIL,DI KELAS,DI KELAS,T,,,,,,,,,,,,,,,,,,,,,,,,,,
,,,176,,,,,,,,,,,,,,,,,DI KELAS,,,,,,,,,,,,,,,,,,DI LAPANG,,,,,,,,,,,,,,,,,,,,,,,,,,,,,,,,,,,,,,,,,,,,,,,,,,,,,,,,,,,,,,,,,,,,,,,,,,
,,,177,,,,,,,,,,,,,,,,,,,,,,,,,,,,,,,,,,,,,,,,,,,,,,,,,,,,,,,,,,,,,,,,,,,,,,,,,,,,,,,,,,,,,,,,PABP,PPAN,BIND,PJOK,SJRH,SBDY,BSUN,MATH,BING,,CLOUD,PWP,PPB,BASDAT,PBT,,PKK,STA,,BPBK,,
,XI RPL 1,MAPEL,178,UPACARA/,PABP,PABP,PABP,SJRH,I,SJRH,BASDAT,BASDAT,ISTIRAHAT,BASDAT,BASDAT,BASDAT,,,,TADARUS &,PPB,PPB,PPB,PPB,PPB,I,BIND,BIND,BIND,ISTIRAHAT,BING,BING,TUGAS MANDIRI,,,,,SHOLAT ,CLOUD,CLOUD,PBT,PBT,I,PBT,PBT,ISTIRAHAT,PBT,PBT,PKK,PKK,,,,,,TADARUS &,MATH,MATH,MATH,PJOK,PJOK,I,BPBK,BING,BING,ISTIRAHAT,BSUN,BSUN,TUGAS MANDIRI,,,,,SENAM &,STA,STA,PPAN,PPAN,PWP,PWP,ISTIRAHAT,PWP,PWP,PWP,TUGAS MANDIRI,I,,,,,3,2,3,2,2,0,2,3,4,0,2,5,5,5,6,0,2,2,0,1,49,
,,RUANG,179,PERWALIAN,R.57,R.57,R.57,R.57,S,R.57,R.42,R.42,DZUHUR,R.42,R.42,R.42,,,,SARAPAN,R.42,R.42,R.42,R.42,R.42,S,R.57,R.57,R.57,DZUHUR,R.57,R.57,,,,,,DHUHA &,R.42,R.42,R.SAM2,R.SAM2,S,R.SAM2,R.SAM2,DZUHUR,R.SAM2,R.SAM2,R.57,R.57,,,,,,LITERASI ,R.57,R.57,R.57,LAP,LAP,S,R.57,R.57,R.57,DZUHUR,R.57,R.57,,,,,,JUMAT BERSIH,R.57,R.57,R.57,R.57,R.41,R.41,DZUHUR,R.41,R.41,R.41,,S,,,,,,,,,,,,,,,,,,,,,,,,,,
,,GURU,180,,RUKMANA,RUKMANA,RUKMANA,ELA,T,ELA,PRATIWI,PRATIWI,MESJID,PRATIWI,PRATIWI,PRATIWI,,,,BERGIZI,JAYA,JAYA,JAYA,JAYA,JAYA,T,MELI,MELI,MELI,MESJID,LIA,LIA,DI KELAS,,,,,TADARUS,PRATIWI,PRATIWI,PURI,PURI,T,PURI,PURI,MESJID,PURI,PURI,ANNISA,ANNISA,,,,,,DI KELAS,NOFA,NOFA,NOFA,TAUFIK,TAUFIK,T,HAZAR,LIA,LIA,MESJID,DESTA,DESTA,DI KELAS,,,,,,DENA,DENA,ELA,ELA,ARI,ARI,MESJID,ARI,ARI,ARI,DI KELAS,T,,,,,,,,,,,,,,,,,,,,,,,,,,
,,,181,,,,,,R,,,,,,,,,,,DI KELAS,,,,,,R,,,,,,,,,,,,DI LAPANG,,,,,R,,,,,,,,,,,,,,,,,,,R,,,,,,,,,,,,,,,,,,,,,,,,R,,,,,,,,,,,,,,,,,,,,,,,,,,
,XI RPL 2,MAPEL,182,UPACARA/,PKK,PKK,BIND,BIND,H,BIND,PWP,PWP,ISTIRAHAT,PWP,PWP,PWP,,,,TADARUS &,PJOK,PJOK,BPBK,BING,BING,H,PABP,PABP,ISTIRAHAT,PABP,CLOUD,CLOUD,TUGAS MANDIRI,,,,,SHOLAT ,STA,STA,BSUN,BSUN,H,BING,BING,ISTIRAHAT,SJRH,SJRH,PPAN,PPAN,,,,,,TADARUS &,PPB,PPB,PPB,PPB,PPB,H,BASDAT,BASDAT,ISTIRAHAT,BASDAT,BASDAT,BASDAT,TUGAS MANDIRI,,,,,SENAM &,PBT,PBT,PBT,PBT,PBT,PBT,ISTIRAHAT,MATH,MATH,MATH,TUGAS MANDIRI,H,,,,,3,2,3,2,2,0,2,3,4,0,2,5,5,5,6,0,2,2,0,1,49,
,,RUANG,183,PERWALIAN,R.56,R.56,R.56,R.56,A,R.56,R.41,R.41,DZUHUR,R.41,R.41,R.41,,,,SARAPAN,LAP,LAP,R.56,R.56,R.56,A,R.56,R.56,DZUHUR,R.56,R.42,R.42,,,,,,DHUHA &,R.56,R.56,R.56,R.56,A,R.56,R.56,DZUHUR,R.56,R.56,R.56,R.56,,,,,,LITERASI ,R.42,R.42,R.42,R.42,R.42,A,R.42,R.42,DZUHUR,R.42,R.42,R.42,,,,,,JUMAT BERSIH,R.42,R.42,R.42,R.42,R.42,R.42,DZUHUR,R.56,R.56,R.56,,A,,,,,,,,,,,,,,,,,,,,,,,,,,
,,GURU,184,,ODANG,ODANG,MELI,MELI,T,MELI,ARI,ARI,MESJID,ARI,ARI,ARI,,,,BERGIZI,TAUFIK,TAUFIK,HAZAR,LIA,LIA,T,RUKMANA,RUKMANA,MESJID,RUKMANA,PRATIWI,PRATIWI,DI KELAS,,,,,TADARUS,DENA,DENA,DESTA,DESTA,T,LIA,LIA,MESJID,SUKMA,SUKMA,ELA,ELA,,,,,,DI KELAS,JAYA,JAYA,JAYA,JAYA,JAYA,T,PRATIWI,PRATIWI,MESJID,PRATIWI,PRATIWI,PRATIWI,DI KELAS,,,,,,SABILA,SABILA,SABILA,SABILA,SABILA,SABILA,MESJID,NOFA,NOFA,NOFA,DI KELAS,T,,,,,,,,,,,,,,,,,,,,,,,,,,
,,,185,,,,,,,,,,,,,,,,,DI KELAS,,,,,,,,,,,,,,,,,,DI LAPANG,,,,,,,,,,,,,,,,,,,,,,,,,,,,,,,,,,,,,,,,,,,,,,,,,,,,,,,,,,,,,,,,,,,,,,,,,,
,,,186,,,,,,,,,,,,,,,,,,,,,,,,,,,,,,,,,,,,,,,,,,,,,,,,,,,,,,,,,,,,,,,,,,,,,,,,,,,,,,,,,,,,,,,,PABP,PPAN,BIND,,,,BJPG,MATH,BING,,PWP,BASDAT,PBT,PPB,FW/API,,PKK,,,BPBK,,
,XII RPL 1,MAPEL,187,UPACARA/,PKK,PKK,PKK,PKK,I,PKK,PPB,PPB,ISTIRAHAT,PPB,PPB,PPB,,,,TADARUS &,PWP,PWP,PWP,PWP,PWP,I,PWP,BPBK,ISTIRAHAT,BJPG,BJPG,TUGAS MANDIRI,TUGAS MANDIRI,,,,,SHOLAT ,PABP,PABP,PABP,PPAN,I,PPAN,BASDAT,ISTIRAHAT,BASDAT,BASDAT,BASDAT,BASDAT,,,,,,TADARUS &,PBT,PBT,PBT,PBT,PBT,I,PBT,MATH,MATH,ISTIRAHAT,MATH,TUGAS MANDIRI,TUGAS MANDIRI,,,,,SENAM &,FW/API,FW/API,FW/API,FW/API,BING,BING,ISTIRAHAT,BIND,BIND,BIND,TUGAS MANDIRI,I,,,,,3,2,3,0,0,0,2,3,2,0,6,5,6,5,4,0,5,0,0,1,47,
,,,188,PERWALIAN,R.41,R.41,R.41,R.53,,R.53,R.SAM1,R.SAM1,DZUHUR,R.SAM1,R.SAM1,R.SAM1,,,,SARAPAN,R.41,R.41,R.41,R.41,R.41,,R.41,R.55,DZUHUR,R.55,R.55,,,,,,,DHUHA &,R.58,R.58,R.58,R.58,,R.58,R.SAM1,DZUHUR,R.SAM1,R.SAM1,R.SAM1,R.SAM1,,,,,,LITERASI ,R.SAM2,R.SAM2,R.SAM2,R.SAM2,R.SAM2,,R.SAM2,R.45,R.45,DZUHUR,R.45,,,,,,,JUMAT BERSIH,R.41,R.41,R.41,R.41,R.57,R.57,DZUHUR,R.57,R.57,R.57,,S,,,,,,,,,,,,,,,,,,,,,,,,,,
,,,189,,JAYA,JAYA,JAYA,ODANG,,ODANG,NUR,NUR,MESJID,NUR,NUR,NUR,,,,BERGIZI,ARI,ARI,ARI,ARI,ARI,,ARI,EVA,MESJID,RINI,RINI,DI KELAS,DI KELAS,,,,,TADARUS,WENI,WENI,WENI,TUBAGUS,,TUBAGUS,PRATIWI,MESJID,PRATIWI,PRATIWI,PRATIWI,PRATIWI,,,,,,DI KELAS,PURI,PURI,PURI,PURI,PURI,,PURI,NOFA,NOFA,MESJID,NOFA,DI KELAS,DI KELAS,,,,,,NUR,NUR,NUR,NUR,INDIRA,INDIRA,MESJID,REGINA,REGINA,REGINA,DI KELAS,T,,,,,,,,,,,,,,,,,,,,,,,,,,
,,,190,,,,,,R,,,,,,,,,,,DI KELAS,,,,,,R,,,,,,,,,,,,DI LAPANG,,,,,R,,,,,,,,,,,,,,,,,,,R,,,,,,,,,,,,,,,,,,,,,,,,I,,,,,,,,,,,,,,,,,,,,,,,,,,
,XII RPL 2,MAPEL,191,UPACARA/,PPB,PPB,PPB,PPB,H,PPB,PKK,PKK,ISTIRAHAT,PABP,PABP,PABP,,,,TADARUS &,BASDAT,BASDAT,BASDAT,BASDAT,BASDAT,H,PPAN,PPAN,ISTIRAHAT,MATH,MATH,MATH,TUGAS MANDIRI,,,,,SHOLAT ,FW/API,FW/API,FW/API,FW/API,H,PBT,PBT,ISTIRAHAT,PBT,PBT,PBT,PBT,,,,,,TADARUS &,PWP,PWP,PWP,PWP,PWP,H,PWP,BJPG,BJPG,ISTIRAHAT,BPBK,TUGAS MANDIRI,TUGAS MANDIRI,,,,,SENAM &,PKK,PKK,PKK,BIND,BIND,BIND,ISTIRAHAT,BING,BING,TUGAS MANDIRI,TUGAS MANDIRI,R,,,,,3,2,3,0,0,0,2,3,2,0,6,5,6,5,4,0,5,0,0,1,47,
,,,192,PERWALIAN,R.SAM1,R.SAM1,R.SAM1,R.SAM1,,R.SAM1,R.PUS1,R.PUS1,DZUHUR,R.PUS1,R.PUS1,R.PUS1,,,,SARAPAN,R.SAM1,R.SAM1,R.SAM1,R.SAM1,R.SAM1,,R.SAM1,R. SAM1,DZUHUR,R.SAM1,R.SAM1,R.SAM1,,,,,,DHUHA &,R.SAM1,R.SAM1,R.SAM1,R.SAM1,,R.42,R.42,DZUHUR,R.42,R.42,R.42,R.42,,,,,,LITERASI ,R.SAM1,R.SAM1,R.SAM1,R.SAM1,R.SAM1,,R.SAM1,R.SAM1,R.SAM1,DZUHUR,R.SAM1,,,,,,,JUMAT BERSIH,R.SAM1,R.SAM1,R.SAM1,R.SAM1,R.SAM1,R.SAM1,DZUHUR,R.SAM1,R.SAM1,,,A,,,,,,,,,,,,,,,,,,,,,,,,,,
,,,193,,NUR,NUR,NUR,NUR,,NUR,ANNISA,ANNISA,MESJID,WENI,WENI,WENI,,,,BERGIZI,PRATIWI,PRATIWI,PRATIWI,PRATIWI,PRATIWI,,TUBAGUS,TUBAGUS,MESJID,SARI,SARI,SARI,DI KELAS,,,,,TADARUS,ARI,ARI,ARI,ARI,,SABILA,SABILA,MESJID,SABILA,SABILA,SABILA,SABILA,,,,,,DI KELAS,ARI,ARI,ARI,ARI,ARI,,ARI,RINI,RINI,MESJID,EVA,DI KELAS,DI KELAS,,,,,,JAYA,JAYA,JAYA,REGINA,REGINA,REGINA,MESJID,INDIRA,INDIRA,DI KELAS,DI KELAS,H,,,,,,,,,,,,,,,,,,,,,,,,,,
,,,194,,,,,,,,,,,,,,,,,DI KELAS,,,,,,,,,,,,,,,,,,DI LAPANG,,,,,,,,,,,,,,,,,,,,,,,,,,,,,,,,,,,,,,,,,,,,,,,,A,,,,,,,,,,,,,,,,,,,,,,,,,,
,,,,,,,,,,,,,,,,,,,,,,,,,,,,,,,,,,,,,,,,,,,,,,,,,,,,,,,,,,,,,,,,,,,,,,,,,,,,,,,,,,,,,,T,,,,,,,,,,,,,,,,,,,,,,,,,,