,,,,SENIN0,SENIN,SENIN1,SENIN2,SENIN3,SENIN,SENIN4,SENIN5,SENIN,SENIN6,SENIN7,SENIN8,SENIN9,SENIN,SENIN10,SENIN11,,,SELASA0,SELASA1,SELASA2,SELASA3,SELASA4,SELASA,SELASA5,SELASA6,SELASA,SELASA7,SELASA8,SELASA9,SELASA10,SELASA,SELASA11,SELASA12,,RABU0,RABU1,RABU2,RABU3,RABU4,RABU,RABU5,RABU6,RABU,RABU7,RABU8,RABU9,RABU10,RABU,RABU11,RABU12,,,KAMIS0,KAMIS1,KAMIS2,KAMIS3,KAMIS4,KAMIS,KAMIS5,KAMIS6,KAMIS,KAMIS7,KAMIS8,KAMIS9,KAMIS10,KAMIS,KAMIS11,KAMIS12,,JUM'AT0,JUM'AT1,JUM'AT2,JUM'AT3,JUM'AT4,JUM'AT5,JUM'AT6,JUM'AT,JUM'AT7,JUM'AT8,JUM'AT9,JUM'AT10,JUM'AT,JUM'AT11,JUM'AT12,JUM'AT,,,,,,,,,,,,,,,,,,,,,,,
A,B,C,D,E,F,G,H,I,J,K,L,M,N,O,P,Q,R,S,T,,U,V,W,X,Y,Z,AA,AB,AC,AD,AE,AF,AG,AH,AI,AJ,AK,AL,AM,AO,AP,AQ,AR,AS,AT,AU,AV,AW,AX,AY,AZ,BA,BB,BC,BD,,BE,BF,BG,BH,BI,BJ,BK,BL,BM,BN,BO,BP,BQ,BR,BS,BT,BU,BV,BW,BX,BY,BZ,CA,CB,CC,CD,CE,CF,CG,CH,CI,CJ,CK,,,,,,,,,,,,,,,,,,,,,,,
,,,,SENIN,SENIN,SENIN,SENIN,SENIN,SENIN,SENIN,SENIN,SENIN,SENIN,SENIN,SENIN,SENIN,SENIN,SENIN,,,SELASA,SELASA,SELASA,SELASA,SELASA,SELASA,SELASA,SELASA,SELASA,SELASA,SELASA,SELASA,SELASA,SELASA,SELASA,SELASA,,RABU,RABU,RABU,RABU,RABU,RABU,RABU,RABU,RABU,RABU,RABU,RABU,RABU,RABU,RABU,RABU,RABU,,,KAMIS,KAMIS,KAMIS,KAMIS,KAMIS,KAMIS,KAMIS,KAMIS,KAMIS,KAMIS,KAMIS,KAMIS,KAMIS,KAMIS,KAMIS,KAMIS,,JUM'AT,JUM'AT,JUM'AT,JUM'AT,JUM'AT,JUM'AT,JUM'AT,JUM'AT,JUM'AT,JUM'AT,JUM'AT,JUM'AT,JUM'AT,JUM'AT,JUM'AT,,,,,,,,,,,,,,,,,,,,,,,,
No.,KELAS,JAM KE,,1,2,3,4,5,,6,7,8,9,10,11,12,11,12,,PEMBIASAAN,1,2,3,4,5,,6,7,8,9,10,11,12,,13,14,,1,2,3,4,5,,6,7,8,9,10,11,12,,12,13,12,,PEMBIASAAN,1,2,3,4,5,,6,7,8,9,10,11,12,,12,,,1,2,3,4,5,6,7,,8,9,10,11,,12,,,,,,,,,,,,,,,,,,,,,,,,,
,,WAKTU,,06.30 - 07.15,07.15 - 08.00,08.00 - 08.45,08.45 - 09.30,09.30 - 10.15,10.15 - 10.30,10.30 - 11.15,11.15 - 12.00,12.00 - 12.45,12.45 - 13.30,13.30 - 14.15,14.15 - 15.00,15.00 - 15.45,16.00 - 16.45,16.45 - 17.30,,06.30-06.45,06.45 - 07.30,07.30 - 08.15,08.15 - 09.00,09.00 - 09.45,09.45 - 10.30,10.30 - 10.45,10.45 - 11.30,11.30 - 12.15,12.15 - 13.00,13.00 - 13.45,13.45 - 14.30,14.30 - 1515,15.15 - 16.00,16.00 - 16.45,16.45 - 17.30,,,06.30 - 07.15,07.15 - 08.00,08.00 - 08.45,08.45 - 09.30,09.30 - 10.15,10.15 - 10.30,10.30 - 11.15,11.15 - 12.00,12.00 - 12.45,12.45 - 13.30,13.30 - 14.15,14.15 - 15.00,15.00 - 15.45,15.45 - 16.00,16.00 - 16.45,16.45 - 17.30,16.30 - 17.15,,06.30-06.45,06.45 - 07.30,07.30 - 08.15,08.15 - 09.00,09.00 - 09.45,09.45 - 10.30,10.30 - 10.45,10.45 - 11.30,11.30 - 12.15,12.15 - 13.00,13.00 - 13.45,13.45 - 14.30,14.30 - 1515,15.15 - 16.00,16.00 - 16.45,16.45 - 17.30,,,06.30 - 07.15,07.15 - 08.00,08.00 - 08.45,08.45 - 09.30,09.30 - 10.15,10.15-11.00,11.00 - 11.45,11.45 - 13.00,13.00 - 13.45,13.45 - 14.30,14.30 - 15.15,15.15 - 16.00,16.00 - 16.15,16.15 - 17.00,,,,PABP,PPAN,BIND,PJOK,SJRH,SBDY,BSUN,MATH,BING,INFR,IPAS,DPK,KIMIA,,,,,TUGAS MANDIRI,,BPBK,,
,X KA 1,MAPEL,6,UPACARA/,DPK,DPK,DPK,DPK,,DPK,DPK,ISTIRAHAT,DPK,DPK,DPK,DPK,,,,TADARUS &,PJOK,PJOK,BSUN,BSUN,PABP,,PABP,PABP,ISTIRAHAT,BPBK,BING,BING,TUGAS,,,,,SHOLAT DHUHA & TADARUS DI LAPANG,KIMIA,KIMIA,IPAS,IPAS,,MATH,MATH,ISTIRAHAT,BIND,BIND,SJRH,SJRH,,,,,,TADARUS &,BING,BING,SBDY,SBDY,INFR,,INFR,PPAN,ISTIRAHAT,PPAN,TUGAS,TUGAS,TUGAS,,,,,SENAM &,DPK,DPK,MATH,MATH,IPAS,IPAS,ISTIRAHAT,INFR,INFR,BIND,BIND,,,,,,3,2,4,2,2,2,2,4,4,4,4,12,2,0,0,0,0,0,0,1,48,
,,RUANG,7,PERWALIAN,R.DPK,R.DPK,R.DPK,R.DPK,I,R.DPK,R.DPK,DZUHUR,R.DPK,R.DPK,R.DPK,R.DPK,,,,SARAPAN,LAP,LAP,R.44,R.44,R.44,I,R.44,R.44,DZUHUR,R.44,R.44,R.44,MANDIRI,,,,,KEGIATAN PAK DI R.MEETING,R.44,R.44,R.44,R.44,I,R.44,R.44,DZUHUR,R.44,R.44,R.44,R.44,,,,,,LITERASI ,R.44,R.44,R.44,R.44,R.34,I,R.34,R.44,DZUHUR,R.44,MANDIRI,MANDIRI,MANDIRI,,,,,JUMAT BERSIH,R.44,R.44,R.44,R.44,R.44,R.44,DZUHUR,R.34,R.34,R.44,R.44,I,,,,,,,,,,,,,,,,,,,,,,,,,,
,,GURU,8,,ULI,ULI,ULI,ULI,,ULI,ULI,MESJID,ULI,ULI,ULI,ULI,,,,BERGIZI,YENI,YENI,RANI,RANI,SAMSU,,SAMSU,SAMSU,MESJID,HALIDA,UJANG,UJANG,,,,,,,TESSA,TESSA,OMAN,OMAN,,NADIA,NADIA,MESJID,MELI,MELI,APRIL,APRIL,,,,,,DI KELAS,UJANG,UJANG,ADIW,ADIW,SABILA,,SABILA,SUKMA,MESJID,SUKMA,,,,,,,,,ULI,ULI,NADIA,NADIA,OMAN,OMAN,MESJID,SABILA,SABILA,MELI,MELI,,,,,,,,,,,,,,,,,,,,,,,,,,,
,,,9,,,,SUGI,SUGI,,SUGI,SUGI,,SUGI,SUGI,SUGI,SUGI,,,,DI KELAS,,,,,,,,,,,,,,,,,,,,,,,,,,,,,,,,,,,,,,,,,,,,,,,,,,,,,,,,,,,,,,,,,,,,,,,,,,,,,,,,,,,,,,,,,,,,
,,,10,,,,,,S,,,,,,,,,,,,,,,,,S,,,,,,,,,,,,,,,,,S,,,,,,,,,,,,,,,,,,,S,,,,,,,,,,,,,,,,,,,,,,,,S,,,,,,,,,,,,,,,,,,,,,,,,,,
,X KA 2,MAPEL,11,UPACARA/,PABP,PABP,PABP,KIMIA,,KIMIA,BPBK,ISTIRAHAT,MATH,MATH,PPAN,PPAN,,,,TADARUS &,DPK,DPK,DPK,DPK,DPK,,DPK,DPK,ISTIRAHAT,DPK,DPK,DPK,TUGAS,,,,,SHOLAT DHUHA & TADARUS DI LAPANG,BSUN,BSUN,INFR,INFR,,SJRH,SJRH,ISTIRAHAT,IPAS,IPAS,BIND,BIND,,,,,,TADARUS &,PJOK,PJOK,BING,BING,SBDY,,SBDY,INFR,ISTIRAHAT,INFR,TUGAS,TUGAS,TUGAS,,,,,SENAM &,BING,BING,DPK,DPK,MATH,MATH,ISTIRAHAT,BIND,BIND,IPAS,IPAS,,,,,,3,2,4,2,2,2,2,4,4,4,4,12,2,0,0,0,0,0,0,1,48,
,,RUANG,12,PERWALIAN,R.45,R.45,R.45,R.45,,R.45,R.45,DZUHUR,R.45,R.45,R.45,R.45,,,,SARAPAN,R.DPK,R.DPK,R.DPK,R.DPK,R.DPK,,R.DPK,R.DPK,DZUHUR,R.DPK,R.DPK,R.DPK,MANDIRI,,,,,KEGIATAN PAK DI R.MEETING,R.45,R.45,R.34,R.34,,R.45,R.45,DZUHUR,R.45,R.45,R.45,R.45,,,,,,LITERASI ,LAP,LAP,R.46,R.46,R.45,,R.45,R.34,DZUHUR,R.34,MANDIRI,MANDIRI,MANDIRI,,,,,JUMAT BERSIH,R.45,R.45,R.45,R.45,R.45,R.45,DZUHUR,R.45,R.45,R.45,R.45,,,,,,,,,,,,,,,,,,,,,,,,,,,
,,GURU,13,,SAMSU,SAMSU,SAMSU,TESSA,T,TESSA,HALIDA,MESJID,NADIA,NADIA,SUKMA,SUKMA,,,,BERGIZI,ULI,ULI,ULI,ULI,ULI,T,ULI,ULI,MESJID,ULI,ULI,ULI,,,,,,,RANI,RANI,SABILA,SABILA,T,APRIL,APRIL,MESJID,OMAN,OMAN,MELI,MELI,,,,,,DI KELAS,YENI,YENI,UJANG,UJANG,ADIW,T,ADIW,SABILA,MESJID,SABILA,,,,,,,,,UJANG,UJANG,ULI,ULI,NADIA,NADIA,MESJID,MELI,MELI,OMAN,OMAN,T,,,,,,,,,,,,,,,,,,,,,,,,,,
,,,14,,,,,,,,,,,,,,,,,DI KELAS,,,TESSA,TESSA,TESSA,,TESSA,TESSA,,TESSA,TESSA,TESSA,,,,,,,,,,,,,,,,,,,,,,,,,,,,,,,,,,,,,,,,,,,,,,,,,,,,,,,,,,,,,,,,,,,,,,,,,,,,,,,,
,,,15,,,,,,,,,,,,,,,,,,,,,,,,,,,,,,,,,,,,,,,,,,,,,,,,,,,,,,,,,,,,,,,,,,,,,,,,,,,,,,,,,,,,,,,,,,,,,,,,,,,,,,,,,,,,,
,X KA 3,MAPEL,16,UPACARA/,KIMIA,KIMIA,IPAS,IPAS,I,INFR,INFR,ISTIRAHAT,BIND,BIND,BING,BING,,,,TADARUS &,MATH,MATH,PPAN,PPAN,DPK,I,DPK,PJOK,PJOK,ISTIRAHAT,BIND,BIND,TUGAS,,,,,SHOLAT DHUHA & TADARUS DI LAPANG,DPK,DPK,DPK,DPK,I,DPK,DPK,ISTIRAHAT,DPK,DPK,DPK,DPK,,,,,,TADARUS &,SJRH,SJRH,INFR,INFR,BPBK,I,IPAS,IPAS,ISTIRAHAT,SBDY,SBDY,TUGAS,TUGAS,,,,,SENAM &,BSUN,BSUN,PABP,PABP,PABP,TUGAS,ISTIRAHAT,MATH,MATH,BING,BING,I,,,,,3,2,4,2,2,2,2,4,4,4,4,12,2,0,0,0,0,0,0,1,48,
,,RUANG,17,PERWALIAN,R.46,R.46,R.46,R.46,,R.46,R.46,DZUHUR,R.46,R.46,R.46,R.46,,,,SARAPAN,R.46,R.46,R.46,R.46,R.46,,R.46,LAP,LAP,DZUHUR,R.45,R.45,MANDIRI,,,,,KEGIATAN PAK DI R.MEETING,R.KUALI,R.KUALI,R.KUALI,R.KUALI,,R.KUALI,R.KUALI,DZUHUR,R.KUALI,R.KUALI,R.KUALI,R.KUALI,,,,,,LITERASI ,R.46,R.46,R.34,R.34,R.46,,R.46,R.46,DZUHUR,R.46,R.46,MANDIRI,MANDIRI,,,,,JUMAT BERSIH,R.46,R.46,R.46,R.46,R.46,MANDIRI,DZUHUR,R.46,R.46,R.46,R.46,,,,,,,,,,,,,,,,,,,,,,,,,,,
,,GURU,18,,TESSA,TESSA,OMAN,OMAN,,SABILA,SABILA,MESJID,MELI,MELI,UJANG,UJANG,,,,BERGIZI,NADIA,NADIA,TUBAGUS,TUBAGUS,SUGI,,SUGI,YENI,YENI,MESJID,MELI,MELI,,,,,,,SUGI,SUGI,KIKI,KIKI,,KIKI,KIKI,MESJID,KIKI,KIKI,KIKI,KIKI,,,,,,DI KELAS,APRIL,APRIL,SABILA,SABILA,HALIDA,,OMAN,OMAN,MESJID,ADIW,ADIW,,,,,,,,RANI,RANI,SAMSU,SAMSU,SAMSU,,MESJID,NADIA,NADIA,UJANG,UJANG,,,,,,,,,,,,,,,,,,,,,,,,,,,
,,,19,,,,,,R,,,,,,,,,,,DI KELAS,,,,,,R,,,,,,,,,,,,,,,SUGI,SUGI,R,SUGI,SUGI,,SUGI,SUGI,SUGI,SUGI,,,,,,,,,,,,R,,,,,,,,,,,,,,,,,,,,,,,,R,,,,,,,,,,,,,,,,,,,,,,,,,,
,,,20,,,,,,,,,,,,,,,,,,,,,,,,,,,,,,,,,,,,,,,,,,,,,,,,,,,,,,,,,,,,,,,,,,,,,,,,,,,,,,,,,,,,,,,,,,,,,,,,,,,,,,,,,,,,,
,X KA 4,MAPEL,21,UPACARA/,BIND,BIND,MATH,MATH,,BSUN,BSUN,ISTIRAHAT,KIMIA,KIMIA,SBDY,SBDY,,,,TADARUS &,INFR,INFR,BIND,BIND,MATH,,MATH,BPBK,ISTIRAHAT,PABP,PABP,PABP,TUGAS,,,,,SHOLAT DHUHA & TADARUS DI LAPANG,DPK,DPK,DPK,DPK,,DPK,DPK,ISTIRAHAT,DPK,DPK,DPK,DPK,,,,,,TADARUS &,IPAS,IPAS,INFR,INFR,BING,,BING,SJRH,ISTIRAHAT,SJRH,PPAN,PPAN,TUGAS,,,,,SENAM &,PJOK,PJOK,BING,BING,DPK,DPK,ISTIRAHAT,IPAS,IPAS,TUGAS,TUGAS,,,,,,3,2,4,2,2,2,2,4,4,4,4,12,2,0,0,0,0,0,0,1,48,
,,RUANG,22,PERWALIAN,R.47,R.47,R.47,R.47,A,R.47,R.47,DZUHUR,R.47,R.47,R.47,R.47,,,,SARAPAN,R.34,R.34,R.47,R.47,R.47,A,R.47,R.47,DZUHUR,R.47,R.47,R.47,MANDIRI,,,,,KEGIATAN PAK DI R.MEETING,R.DPK,R.DPK,R.DPK,R.DPK,A,R.DPK,R.DPK,DZUHUR,R.DPK,R.DPK,R.DPK,R.DPK,,,,,,LITERASI ,R.47,R.47,R.47,R.47,R.47,A,R.47,R.47,DZUHUR,R.47,R.47,R.47,MANDIRI,,,,,JUMAT BERSIH,LAP,LAP,R.47,R.47,R.47,R.47,DZUHUR,R.47,R.47,MANDIRI,MANDIRI,A,,,,,,,,,,,,,,,,,,,,,,,,,,
,,GURU,23,,MELI,MELI,NADIA,NADIA,,RANI,RANI,MESJID,TESSA,TESSA,ADIW,ADIW,,,,BERGIZI,ERMA,ERMA,MELI,MELI,NADIA,,NADIA,HALIDA,MESJID,SAMSU,SAMSU,SAMSU,,,,,,,ULI,ULI,TITA,TITA,,TITA,TITA,MESJID,TITA,TITA,TITA,TITA,,,,,,DI KELAS,OMAN,OMAN,ERMA,ERMA,UJANG,,UJANG,APRIL,MESJID,APRIL,SUKMA,SUKMA,,,,,,,YENI,YENI,UJANG,UJANG,ULI,ULI,MESJID,OMAN,OMAN,,,,,,,,,,,,,,,,,,,,,,,,,,,,,
,,,24,,,,,,,,,,,,,,,,,DI KELAS,,,,,,,,,,,,,,,,,,,,,TESSA,TESSA,,TESSA,TESSA,,TESSA,TESSA,TESSA,TESSA,,,,,,,,,,,,,,,,,,,,,,,,,,,,,,,,,,,,,,,,,,,,,,,,,,,,,,,,,,,,,,
,,,25,,,,,,H,,,,,,,,,,,,,,,,,H,,,,,,,,,,,,,,,,,H,,,,,,,,,,,,,,,,,,,H,,,,,,,,,,,,,,,,,,,,,,,,H,,,,,,,,,,,,,,,,,,,,,,,,,,
,X KA 5,MAPEL,26,UPACARA/,MATH,MATH,BING,BING,,INFR,INFR,ISTIRAHAT,PPAN,PPAN,SJRH,SJRH,,,,TADARUS &,DPK,DPK,INFR,INFR,BING,,BING,BSUN,BSUN,ISTIRAHAT,TUGAS,TUGAS,TUGAS,,,,,SHOLAT DHUHA & TADARUS DI LAPANG,BIND,BIND,BPBK,PABP,,PABP,PABP,ISTIRAHAT,MATH,MATH,IPAS,IPAS,,,,,,TADARUS &,DPK,DPK,DPK,DPK,DPK,,DPK,DPK,ISTIRAHAT,DPK,DPK,DPK,TUGAS,,,,,SENAM &,SBDY,SBDY,IPAS,IPAS,BIND,BIND,ISTIRAHAT,KIMIA,KIMIA,PJOK,PJOK,,,,,,3,2,4,2,2,2,2,4,4,4,4,12,2,0,0,0,0,0,0,1,48,
,,RUANG,27,PERWALIAN,R.48,R.48,R.48,R.48,,R.34,R.34,DZUHUR,R.48,R.48,R.48,R.48,,,,SARAPAN,R.48,R.48,R.48,R.48,R.48,,R.48,R.48,R.48,DZUHUR,MANDIRI,MANDIRI,MANDIRI,,,,,KEGIATAN PAK DI R.MEETING,R.48,R.48,R.48,R.48,,R.48,R.48,DZUHUR,R.48,R.48,R.48,R.48,,,,,,LITERASI ,R.DPK,R.DPK,R.DPK,R.DPK,R.DPK,,R.DPK,R.DPK,DZUHUR,R.DPK,R.DPK,R.DPK,MANDIRI,,,,,JUMAT BERSIH,R.48,R.48,R.48,R.48,R.48,R.48,DZUHUR,R.48,R.48,LAP,LAP,,,,,,,,,,,,,,,,,,,,,,,,,,,
,,GURU,28,,NADIA,NADIA,UJANG,UJANG,A,ERMA,ERMA,MESJID,SUKMA,SUKMA,APRIL,APRIL,,,,BERGIZI,TITA,TITA,ERMA,ERMA,UJANG,A,UJANG,RANI,RANI,MESJID,,,,,,,,,MELI,MELI,HALIDA,SAMSU,A,SAMSU,SAMSU,MESJID,NADIA,NADIA,OMAN,OMAN,,,,,,DI KELAS,TITA,TITA,TITA,TITA,TITA,A,TITA,TITA,MESJID,TITA,TITA,TITA,,,,,,,ADIW,ADIW,OMAN,OMAN,MELI,MELI,MESJID,FERTIKA,FERTIKA,YENI,YENI,A,,,,,,,,,,,,,,,,,,,,,,,,,,
,,,29,,,,,,,,,,,,,,,,,DI KELAS,,,,,,,,,,,,,,,,,,,,,,,,,,,,,,,,,,,,,,,KIKI,KIKI,KIKI,,KIKI,KIKI,,KIKI,KIKI,KIKI,,,,,,,,,,,,,,,,,,,,,,,,,,,,,,,,,,,,,,,,,,,,
,,,30,,,,,,,,,,,,,,,,,,,,,,,,,,,,,,,,,,,,,,,,,,,,,,,,,,,,,,,,,,,,,,,,,,,,,,,,,,,,,,,,,,,,,,,,,,,,,,,,,,,,,,,,,,,,,
,X KA 6,MAPEL,31,UPACARA/,DPK,DPK,INFR,INFR,T,IPAS,IPAS,ISTIRAHAT,PABP,PABP,PABP,TUGAS,,,,TADARUS &,BIND,BIND,BING,BING,BSUN,T,BSUN,MATH,MATH,ISTIRAHAT,PJOK,PJOK,TUGAS,,,,,SHOLAT DHUHA & TADARUS DI LAPANG,INFR,INFR,SBDY,SBDY,T,BIND,BIND,ISTIRAHAT,SJRH,SJRH,MATH,MATH,,,,,,TADARUS &,PPAN,PPAN,IPAS,IPAS,KIMIA,T,KIMIA,BING,ISTIRAHAT,BING,BPBK,TUGAS,TUGAS,,,,,SENAM &,DPK,DPK,DPK,DPK,DPK,DPK,ISTIRAHAT,DPK,DPK,DPK,DPK,T,,,,,3,2,4,2,2,2,2,4,4,4,4,12,2,0,0,0,0,0,0,1,48,
,,RUANG,32,PERWALIAN,R.30,R.30,R.30,R.30,,R.30,R.30,DZUHUR,R.30,R.30,R.30,MANDIRI,,,,SARAPAN,R.30,R.30,R.30,R.30,R.30,,R.30,R.30,R.30,DZUHUR,LAP,LAP,MANDIRI,,,,,KEGIATAN PAK DI R.MEETING,R.34,R.34,R.30,R.30,,R.30,R.30,DZUHUR,R.30,R.30,R.30,R.30,,,,,,LITERASI ,R.30,R.30,R.30,R.30,R.30,,R.30,R.30,DZUHUR,R.30,R.30,MANDIRI,MANDIRI,,,,,JUMAT BERSIH,R.DPK,R.DPK,R.DPK,R.DPK,R.DPK,R.DPK,DZUHUR,R.DPK,R.DPK,R.DPK,R.DPK,,,,,,,,,,,,,,,,,,,,,,,,,,,
,,GURU,33,,KIKI,KIKI,ERMA,ERMA,,OMAN,OMAN,MESJID,SAMSU,SAMSU,SAMSU,,,,,BERGIZI,MELI,MELI,UJANG,UJANG,RANI,,RANI,NADIA,NADIA,MESJID,YENI,YENI,,,,,,,ERMA,ERMA,ADIW,ADIW,,MELI,MELI,MESJID,APRIL,APRIL,NADIA,NADIA,,,,,,DI KELAS,SUKMA,SUKMA,OMAN,OMAN,FERTIKA,,FERTIKA,UJANG,MESJID,UJANG,HALIDA,,,,,,,,KIKI,KIKI,KIKI,KIKI,KIKI,KIKI,MESJID,KIKI,KIKI,KIKI,KIKI,,,,,,,,,,,,,,,,,,,,,,,,,,,
,,,34,,,,,,,,,,,,,,,,,DI KELAS,,,,,,,,,,,,,,,,,,,,,,,,,,,,,,,,,,,,,,,,,,,,,,,,,,,,,,,,,GINA,GINA,GINA,GINA,,GINA,GINA,GINA,GINA,,,,,,,,,,,,,,,,,,,,,,,,,,,
,,,35,,,,,,,,,,,,,,,,,,,,,,,,,,,,,,,,,,,,,,,,,,,,,,,,,,,,,,,,,,,,,,,,,,,,,,,,,,,,,,,,,,,,,,,,,,,,,,,,,,,,,,,,,,,,,
,,,36,,,,,,,,,,,,,,,,,,,,,,,,,,,,,,,,,,,,,,,,,,,,,,,,,,,,,,,,,,,,,,,,,,,,,,,,,,,,,,,,,,,,,,,,PABP,PPAN,BIND,PJOK,SJRH,,BSUN,MATH,BING,,,ABO,ABA,ATG,AKI,STA,PKK,TUGAS MANDIRI,,BPBK,,
,XI KA 1,MAPEL,37,UPACARA/,BPBK,ATG,ATG,ATG,,ATG,ATG,ISTIRAHAT,ATG,ATG,ATG,ATG,,,,TADARUS &,PKK,PKK,PPAN,PPAN,ABO,,ABO,AKI,AKI,ISTIRAHAT,PJOK,PJOK,TUGAS,,,,,SHOLAT DHUHA & TADARUS DI LAPANG,BING,BING,ABA,ABA,,STA,STA,ISTIRAHAT,PABP,PABP,PABP,TUGAS,,,,,,TADARUS &,SJRH,SJRH,AKI,AKI,AKI,,AKI,AKI,ISTIRAHAT,BING,BING,TUGAS,TUGAS,,,,,SENAM &,BIND,BIND,BIND,MATH,MATH,MATH,ISTIRAHAT,BSUN,BSUN,TUGAS,TUGAS,,,,,,3,2,3,2,2,0,2,3,4,0,0,2,2,9,7,2,2,0,0,1,46,
,,RUANG,38,PERWALIAN,R.ATG,R.ATG,R.ATG,R.ATG,I,R.ATG,R.ATG,DZUHUR,R.ATG,R.ATG,R.ATG,R.ATG,,,,SARAPAN,R.61,R.61,R.61,R.61,R.61,I,R.61,R.61,R.61,DZUHUR,LAP,LAP,MANDIRI,,,,,KEGIATAN PAK DI R.MEETING,R.61,R.61,R.61,R.61,I,R.61,R.61,DZUHUR,R.61,R.61,R.61,MANDIRI,,,,,,LITERASI ,R.61,R.61,R.AKIXI,R.AKIXI,R.AKIXI,I,R.AKIXI,R.AKIXI,DZUHUR,R.61,R.61,MANDIRI,MANDIRI,,,,,JUMAT BERSIH,R.61,R.61,R.61,R.61,R.61,R.61,DZUHUR,R.61,R.61,MANDIRI,MANDIRI,I,,,,,,,,,,,,,,,,,,,,,,,,,,
,,GURU,39,,HAZAR,ADE,ADE,ADE,,ADE,ADE,MESJID,ADE,ADE,ADE,ADE,,,,BERGIZI,TESSA,TESSA,ELA,ELA,RAHMI,,RAHMI,IAH,IAH,MESJID,TAUFIK,TAUFIK,,,,,,,SHENDY,SHENDY,ELA.N,ELA.N,,DENA,DENA,MESJID,RUHYA,RUHYA,RUHYA,,,,,,,DI KELAS,SUDARMI,SUDARMI,IAH,IAH,IAH,,IAH,IAH,MESJID,SHENDY,SHENDY,,,,,,,,REGINA,REGINA,REGINA,SARI,SARI,SARI,MESJID,RANI,RANI,,,,,,,,,,,,,,,,,,,,,,,,,,,,,
,,,40,,,,,ENDANG,,ENDANG,ENDANG,,ENDANG,ENDANG,ENDANG,ENDANG,,,,DI KELAS,,,,,,,,,,,,,,,,,,,,,,,,,,,,,,,,,,,,,,,POPONG,POPONG,POPONG,,POPONG,POPONG,,,,,,,,,,,,,,,,,,,,,,,,,,,,,,,,,,,,,,,,,,,,,,,,
,,,41,,,,,TITA,S,TITA,TITA,,TITA,TITA,TITA,TITA,,,,,,,,,,S,,,,,,,,,,,,,,,,,S,,,,,,,,,,,,,,,,,,,S,,,,,,,,,,,,,,,,,,,,,,,,S,,,,,,,,,,,,,,,,,,,,,,,,,,
,XI KA 2,MAPEL,42,UPACARA/,ABA,ABA,BING,BING,,ABO,ABO,ISTIRAHAT,AKI,AKI,PJOK,PJOK,,,,TADARUS &,BPBK,ATG,ATG,ATG,ATG,,ATG,ATG,ISTIRAHAT,ATG,ATG,ATG,TUGAS,,,,,SHOLAT DHUHA & TADARUS DI LAPANG,PPAN,PPAN,BSUN,BSUN,,BING,BING,ISTIRAHAT,TUGAS,BIND,BIND,BIND,,,,,,TADARUS &,PKK,PKK,SJRH,SJRH,STA,,STA,MATH,ISTIRAHAT,MATH,MATH,TUGAS,TUGAS,,,,,SENAM &,AKI,AKI,AKI,AKI,AKI,PABP,ISTIRAHAT,PABP,PABP,TUGAS,TUGAS,,,,,,3,2,3,2,2,0,2,3,4,0,0,2,2,9,7,2,2,0,0,1,46,
,,RUANG,43,PERWALIAN,R.62,R.62,R.62,R.62,,R.62,R.62,DZUHUR,R.62,R.62,LAP,LAP,,,,SARAPAN,R.ATG,R.ATG,R.ATG,R.ATG,R.ATG,,R.ATG,R.ATG,DZUHUR,R.ATG,R.ATG,R.ATG,MANDIRI,,,,,KEGIATAN PAK DI R.MEETING,R.62,R.62,R.62,R.62,,R.62,R.62,DZUHUR,MANDIRI,R.62,R.62,R.62,,,,,,LITERASI ,R.62,R.62,R.62,R.62,R.62,,R.62,R.62,DZUHUR,R.62,R.62,MANDIRI,MANDIRI,,,,,JUMAT BERSIH,R.AKIXI,R.AKIXI,R.AKIXI,R.AKIXI,R.AKIXI,R.62,DZUHUR,R.62,R.62,MANDIRI,MANDIRI,,,,,,,,,,,,,,,,,,,,,,,,,,,
,,GURU,44,,DINI,DINI,SHENDY,SHENDY,T,RAHMI,RAHMI,MESJID,IAH,IAH,TAUFIK,TAUFIK,,,,BERGIZI,HAZAR,OCTA,OCTA,OCTA,OCTA,T,OCTA,OCTA,MESJID,OCTA,OCTA,OCTA,,,,,,,ELA,ELA,RANI,RANI,T,SHENDY,SHENDY,MESJID,,REGINA,REGINA,REGINA,,,,,,DI KELAS,TESSA,TESSA,SUDARMI,SUDARMI,DENA,T,DENA,SARI,MESJID,SARI,SARI,,,,,,,,RAHMI,RAHMI,RAHMI,RAHMI,RAHMI,RUHYA,MESJID,RUHYA,RUHYA,,,T,,,,,,,,,,,,,,,,,,,,,,,,,,
,,,45,,,,,,,,,,,,,,,,,DI KELAS,,,,ELA.N,ELA.N,,ELA.N,ELA.N,,ELA.N,ELA.N,ELA.N,,,,,,,,,,,,,,,,,,,,,,,,,,,,,,,,,,,,,,,,,,,INA,INA,INA,INA,INA,,,,,,,,,,,,,,,,,,,,,,,,,,,,,,,,,
,,,46,,,,,,,,,,,,,,,,,,,,,CECEP,CECEP,,CECEP,CECEP,,CECEP,CECEP,CECEP,,,,,,,,,,,,,,,,,,,,,,,,,,,,,,,,,,,,,,,,,,,,,,,,,,,,,,,,,,,,,,,,,,,,,,,,,,,,,,,,
,XI KA 3,MAPEL,47,UPACARA/,AKI,AKI,AKI,AKI,I,AKI,AKI,AKI,ISTIRAHAT,PABP,PABP,PABP,,,,TADARUS &,BIND,BIND,BIND,MATH,MATH,I,MATH,PPAN,PPAN,ISTIRAHAT,BSUN,BSUN,TUGAS,,,,,SHOLAT DHUHA & TADARUS DI LAPANG,ATG,ATG,ATG,ATG,I,ATG,ATG,ISTIRAHAT,ATG,ATG,ATG,TUGAS,,,,,,TADARUS &,ABA,ABA,ABO,ABO,SJRH,I,SJRH,BPBK,ISTIRAHAT,PJOK,PJOK,TUGAS,TUGAS,,,,,SENAM &,BING,BING,BING,BING,STA,STA,ISTIRAHAT,PKK,PKK,TUGAS,TUGAS,I,,,,,3,2,3,2,2,0,2,3,4,0,0,2,2,9,7,2,2,0,0,1,46,
,,RUANG,48,PERWALIAN,R.AKIXI,R.AKIXI,R.AKIXI,R.AKIXI,,R.AKIXI,R.AKIXI,R.AKIXI,DZUHUR,R.63,R.63,R.63,,,,SARAPAN,R.63,R.63,R.63,R.63,R.63,,R.63,R.63,R.63,DZUHUR,R.63,R.63,MANDIRI,,,,,KEGIATAN PAK DI R.MEETING,R.ATG,R.ATG,R.ATG,R.ATG,,R.ATG,R.ATG,DZUHUR,R.ATG,R.ATG,R.ATG,MANDIRI,,,,,,LITERASI ,R.63,R.63,R.63,R.63,R.63,,R.63,R.63,DZUHUR,LAP,LAP,MANDIRI,MANDIRI,,,,,JUMAT BERSIH,R.63,R.63,R.63,R.63,R.63,R.63,DZUHUR,R.63,R.63,MANDIRI,MANDIRI,,,,,,,,,,,,,,,,,,,,,,,,,,,
,,GURU,49,,POPONG,POPONG,DINI,DINI,,DINI,DINI,DINI,MESJID,RUHYA,RUHYA,RUHYA,,,,BERGIZI,REGINA,REGINA,REGINA,SARI,SARI,,SARI,ELA,ELA,MESJID,RANI,RANI,,,,,,,OCTA,OCTA,OCTA,OCTA,,OCTA,OCTA,MESJID,OCTA,OCTA,OCTA,,,,,,,DI KELAS,ELA.N,ELA.N,MIMY,MIMY,SUDARMI,,SUDARMI,HAZAR,MESJID,TAUFIK,TAUFIK,,,,,,,,SHENDY,SHENDY,SHENDY,SHENDY,DENA,DENA,MESJID,RAHMI,RAHMI,,,,,,,,,,,,,,,,,,,,,,,,,,,,,
,,,50,,,,POPONG,POPONG,R,POPONG,POPONG,POPONG,,,,,,,,DI KELAS,,,,,,R,,,,,,,,,,,,,,,WINDY,WINDY,R,WINDY,WINDY,,WINDY,WINDY,WINDY,,,,,,,,,,,,,R,,,,,,,,,,,,,,,,,,,,,,,,R,,,,,,,,,,,,,,,,,,,,,,,,,,
,,,51,,,,,,,,,,,,,,,,,,,,,,,,,,,,,,,,,,,,,,INA,INA,,INA,INA,,INA,INA,INA,,,,,,,,,,,,,,,,,,,,,,,,,,,,,,,,,,,,,,,,,,,,,,,,,,,,,,,,,,,,,,,
,XI KA 4,MAPEL,52,UPACARA/,PJOK,PJOK,ABO,ABO,,PABP,PABP,ISTIRAHAT,PABP,MATH,MATH,MATH,,,,TADARUS &,AKI,AKI,AKI,AKI,AKI,,BIND,BIND,BIND,ISTIRAHAT,PKK,PKK,TUGAS,,,,,SHOLAT DHUHA & TADARUS DI LAPANG,BING,BING,PPAN,PPAN,,BSUN,BSUN,ISTIRAHAT,ABA,ABA,TUGAS,TUGAS,,,,,,TADARUS &,AKI,AKI,STA,STA,BING,,BING,SJRH,SJRH,ISTIRAHAT,BPBK,TUGAS,TUGAS,,,,,SENAM &,ATG,ATG,ATG,ATG,ATG,ATG,ISTIRAHAT,ATG,ATG,ATG,TUGAS,,,,,,3,2,3,2,2,0,2,3,4,0,0,2,2,9,7,2,2,0,0,1,46,
,,RUANG,53,PERWALIAN,LAP,LAP,R.60,R.60,A,R.60,R.60,DZUHUR,R.60,R.60,R.60,R.60,,,,SARAPAN,R.AKIXI,R.AKIXI,R.AKIXI,R.AKIXI,R.AKIXI,A,R.60,R.60,R.60,DZUHUR,R.60,R.60,MANDIRI,,,,,KEGIATAN PAK DI R.MEETING,R.60,R.60,R.60,R.60,A,R.60,R.60,DZUHUR,R.60,R.60,MANDIRI,MANDIRI,,,,,,LITERASI ,R.60,R.60,R.60,R.60,R.60,A,R.60,R.60,R.60,DZUHUR,R.60,MANDIRI,MANDIRI,,,,,JUMAT BERSIH,R.ATG,R.ATG,R.ATG,R.ATG,R.ATG,R.ATG,DZUHUR,R.ATG,R.ATG,R.ATG,MANDIRI,,,,,,,,,,,,,,,,,,,,,,,,,,,
,,GURU,54,,TAUFIK,TAUFIK,RAHMI,RAHMI,,RUHYA,RUHYA,MESJID,RUHYA,SARI,SARI,SARI,,,,BERGIZI,IAH,IAH,IAH,IAH,IAH,,REGINA,REGINA,REGINA,MESJID,RAHMI,RAHMI,,,,,,,LIA,LIA,ELA,ELA,,RANI,RANI,MESJID,DINI,DINI,,,,,,,,DI KELAS,IAH,IAH,DENA,DENA,LIA,,LIA,SUDARMI,SUDARMI,MESJID,HAZAR,,,,,,,,ADE,ADE,ADE,ADE,ADE,ADE,MESJID,ADE,ADE,ADE,,,,,,,,,,,,,,,,,,,,,,,,,,,,
,,,55,,,,,,,,,,,,,,,,,DI KELAS,POPONG,POPONG,POPONG,POPONG,POPONG,,,,,,,,,,,,,,,,,,,,,,,,,,,,,,,,,,,,,,,,,,,,,,,,,,,,ELA.N,ELA.N,ELA.N,ELA.N,,ELA.N,ELA.N,ELA.N,,,,,,,,,,,,,,,,,,,,,,,,,,,,
,,,56,,,,,,H,,,,,,,,,,,,,,,,,H,,,,,,,,,,,,,,,,,H,,,,,,,,,,,,,,,,,,,H,,,,,,,,,,,,,,,DINI,DINI,DINI,DINI,,DINI,DINI,DINI,,H,,,,,,,,,,,,,,,,,,,,,,,,,,
,XI KA 5,MAPEL,57,UPACARA/,BSUN,BSUN,ABO,ABO,,PPAN,PPAN,ISTIRAHAT,PJOK,PJOK,BING,BING,,,,TADARUS &,PKK,PKK,ABA,ABA,BPBK,,AKI,AKI,ISTIRAHAT,AKI,AKI,AKI,TUGAS,,,,,SHOLAT DHUHA & TADARUS DI LAPANG,AKI,AKI,STA,STA,,BIND,BIND,BIND,ISTIRAHAT,SJRH,SJRH,TUGAS,,,,,,TADARUS &,ATG,ATG,ATG,ATG,ATG,,ATG,ATG,ISTIRAHAT,ATG,ATG,TUGAS,TUGAS,,,,,SENAM &,BING,BING,PABP,PABP,PABP,TUGAS,ISTIRAHAT,MATH,MATH,MATH,TUGAS,,,,,,3,2,3,2,2,0,2,3,4,0,0,2,2,9,7,2,2,0,0,1,46,
,,RUANG,58,PERWALIAN,R.60A,R.60A,R.60A,R.60A,,R.60A,R.60A,DZUHUR,LAP,LAP,R.60A,R.60A,,,,SARAPAN,R.60A,R.60A,R.60A,R.60A,R.60A,,R.AKIXI,R.AKIXI,DZUHUR,R.AKIXI,R.AKIXI,R.AKIXI,MANDIRI,,,,,KEGIATAN PAK DI R.MEETING,R.60A,R.60A,R.60A,R.60A,,R.60A,R.60A,R.60A,DZUHUR,R.60A,R.60A,MANDIRI,,,,,,LITERASI ,R.ATG,R.ATG,R.ATG,R.ATG,R.ATG,,R.ATG,R.ATG,DZUHUR,R.ATG,R.ATG,MANDIRI,MANDIRI,,,,,JUMAT BERSIH,R.60A,R.60A,R.60A,R.60A,R.60A,MANDIRI,DZUHUR,R.60A,R.60A,R.60A,MANDIRI,,,,,,,,,,,,,,,,,,,,,,,,,,,
,,GURU,59,,RANI,RANI,MIMY,MIMY,A,ELA,ELA,MESJID,TAUFIK,TAUFIK,LIA,LIA,,,,BERGIZI,RAHMI,RAHMI,DINI,DINI,HAZAR,A,DINI,DINI,MESJID,DINI,DINI,DINI,,,,,,,POPONG,POPONG,DENA,DENA,A,REGINA,REGINA,REGINA,MESJID,SUDARMI,SUDARMI,,,,,,,DI KELAS,OCTA,OCTA,OCTA,OCTA,OCTA,A,OCTA,OCTA,MESJID,OCTA,OCTA,,,,,,,,LIA,LIA,RUHYA,RUHYA,RUHYA,,MESJID,SARI,SARI,SARI,,A,,,,,,,,,,,,,,,,,,,,,,,,,,
,,,60,,,,,,,,,,,,,,,,,DI KELAS,,,,,,,INA,INA,,INA,INA,INA,,,,,,,,,,,,,,,,,,,,,,,,,,,ELA.N,ELA.N,ELA.N,,ELA.N,ELA.N,,ELA.N,ELA.N,,,,,,,,,,,,,,,,,,,,,,,,,,,,,,,,,,,,,,,,,,,,,
,,,61,,,,,,,,,,,,,,,,,,,,,,,,,,,,,,,,,,,,,,,,,,,,,,,,,,,,,,,,INA,INA,INA,,INA,INA,,INA,INA,,,,,,,,,,,,,,,,,,,,,,,,,,,,,,,,,,,,,,,,,,,,,
,XI KA 6,MAPEL,62,UPACARA/,PABP,PABP,PABP,BPBK,T,BING,BING,ISTIRAHAT,PKK,PKK,TUGAS,TUGAS,,,,TADARUS &,ABA,ABA,PJOK,PJOK,SJRH,T,SJRH,AKI,AKI,ISTIRAHAT,BIND,BIND,BIND,,,,,SHOLAT DHUHA & TADARUS DI LAPANG,AKI,AKI,AKI,AKI,T,AKI,ABO,ABO,ISTIRAHAT,STA,STA,TUGAS,,,,,,TADARUS &,ATG,ATG,ATG,ATG,ATG,T,ATG,ATG,ISTIRAHAT,ATG,ATG,TUGAS,TUGAS,,,,,SENAM &,MATH,MATH,MATH,BSUN,BSUN,PPAN,ISTIRAHAT,PPAN,BING,BING,TUGAS,T,,,,,3,2,3,2,2,0,2,3,4,0,0,2,2,9,7,2,2,0,0,1,46,
,,RUANG,63,PERWALIAN,R.60B,R.60B,R.60B,R.60B,,R.60B,R.60B,DZUHUR,R.60B,R.60B,MANDIRI,MANDIRI,,,,SARAPAN,R.60B,R.60B,LAP,LAP,R.60B,,R.60B,R.60B,R.60B,DZUHUR,R.60B,R.60B,R.60B,,,,,KEGIATAN PAK DI R.MEETING,R.AKIXI,R.AKIXI,R.AKIXI,R.AKIXI,,R.AKIXI,R.60B,R.60B,DZUHUR,R.60B,R.60B,MANDIRI,,,,,,LITERASI ,R.KUALI,R.KUALI,R.KUALI,R.KUALI,R.KUALI,,R.KUALI,R.KUALI,DZUHUR,R.KUALI,R.KUALI,MANDIRI,MANDIRI,,,,,JUMAT BERSIH,R.60B,R.60B,R.60B,R.60B,R.60B,R.60B,DZUHUR,R.60B,R.60B,R.60B,MANDIRI,,,,,,,,,,,,,,,,,,,,,,,,,,,
,,GURU,64,,RUHYA,RUHYA,RUHYA,HAZAR,,LIA,LIA,MESJID,RAHMI,RAHMI,,,,,,BERGIZI,ELA.N,ELA.N,TAUFIK,TAUFIK,SUDARMI,,SUDARMI,POPONG,POPONG,MESJID,REGINA,REGINA,REGINA,,,,,,RAHMI,RAHMI,RAHMI,RAHMI,,RAHMI,MIMY,MIMY,MESJID,DENA,DENA,,,,,,,DI KELAS,ADE,ADE,ADE,ADE,ADE,,ADE,ADE,MESJID,ADE,ADE,,,,,,,,SARI,SARI,SARI,RANI,RANI,ELA,MESJID,ELA,LIA,LIA,,,,,,,,,,,,,,,,,,,,,,,,,,,,
,,,65,,,,,,,,,,,,,,,,,DI KELAS,,,,,,,,,,,,,,,,,,,DINI,DINI,DINI,DINI,,DINI,,,,,,,,,,,,,,,WINDY,WINDY,WINDY,,WINDY,WINDY,,WINDY,WINDY,,,,,,,,,,,,,,,,,,,,,,,,,,,,,,,,,,,,,,,,,,,,,
,,,66,,,,,,,,,,,,,,,,,,,,,,,,,,,,,,,,,,,,,,,,,,,,,,,,,,,,,,,,CECEP,CECEP,CECEP,,CECEP,CECEP,,CECEP,CECEP,,,,,,,,,,,,,,,,,,,,,,,,,,,,,,,,,,,,,,,,,,,,,
,,,67,,,,,,,,,,,,,,,,,,,,,,,,,,,,,,,,,,,,,,,,,,,,,,,,,,,,,,,,,,,,,,,,,,,,,,,,,,,,,,,,,,,,,,,,PABP,PPAN,BIND,PJOK,SJRH,,BSUN,MATH,BING,BJPG,MTK-DAS,ABO,ABA,BOBA,AKI,MIK,PKK,KLI,KBM,BPBK,,
,XII AK 1,MAPEL,68,UPACARA/,MIK,MIK,MIK,MIK,,MIK,MIK,ISTIRAHAT,ABA,ABA,BJPG,BJPG,,,,TADARUS &,AKI,AKI,AKI,AKI,AKI,,AKI,MIK,MIK,ISTIRAHAT,PPAN,PPAN,TUGAS,,,,,SHOLAT DHUHA & TADARUS DI LAPANG,BIND,BIND,BIND,SJRH,,SJRH,BING,BING,ISTIRAHAT,PKK,PKK,TUGAS,,,,,,TADARUS &,BPBK,ABO,ABO,BOBA,BOBA,,BOBA,BOBA,ISTIRAHAT,BOBA,BOBA,BOBA,TUGAS,,,,,SENAM &,MATH,MATH,MATH,PABP,PABP,PABP,ISTIRAHAT,PJOK,PJOK,TUGAS,TUGAS,,,,,,3,2,3,2,2,0,0,3,2,2,0,2,2,7,6,8,2,0,0,1,47,0
,,RUANG,69,PERWALIAN,Lab MIKRO,Lab MIKRO,Lab MIKRO,Lab MIKRO,I,Lab MIKRO,Lab MIKRO,DZUHUR,R.56,R.56,R.56,R.56,,,,SARAPAN,Lab AKI XII,Lab AKI XII,Lab AKI XII,Lab AKI XII,Lab AKI XII,0,Lab AKI XII,Lab MIKRO,Lab MIKRO,DZUHUR,R.30,R.30,MANDIRI,,,,,KEGIATAN PAK DI R.MEETING,R.46,R.46,R.46,R.46,I,R.46,R.46,R.46,DZUHUR,R.46,R.46,MANDIRI,,,,,,LITERASI ,R.29,R.29,R.29,Lab BOBA,Lab BOBA,I,Lab BOBA,Lab BOBA,DZUHUR,Lab BOBA,Lab BOBA,Lab BOBA,MANDIRI,,,,,JUMAT BERSIH,R.30,R.30,R.30,R.30,R.30,R.30,DZUHUR,LAP,LAP,MANDIRI,MANDIRI,I,,,,,,,,,,,,,,,,,,,,,,,,,,
,,GURU,70,,NINA,NINA,NINA,NINA,,NINA,NINA,MESJID,SYAFITRI,SYAFITRI,RINI,RINI,,,,BERGIZI,WINDY,WINDY,DANTY,DANTY,DANTY,,DANTY,FERTIKA,FERTIKA,MESJID,MAYA,MAYA,,,,,,,RINA,RINA,RINA,SUDARMI,,SUDARMI,INDIRA,INDIRA,MESJID,MIMY,MIMY,,,,,,,DI KELAS,EVA,TINI,TINI,TINI,TINI,,TINI,TINI,MESJID,TINI,TINI,TINI,,,,,,,DADAN,DADAN,DADAN,RUKMANA,RUKMANA,RUKMANA,MESJID,YENI,YENI,,,,,,,,,,,,,,,,,,,,,,,,,,,,,
,,,71,,FERTIKA,FERTIKA,FERTIKA,FERTIKA,,FERTIKA,FERTIKA,,,,,,,,,DI KELAS,,,WINDY,WINDY,WINDY,,WINDY,,,,,,,,,,,,,,,,,,,,,,,,,,,,,,,,,SYAFITRI,SYAFITRI,,SYAFITRI,SYAFITRI,,SYAFITRI,SYAFITRI,SYAFITRI,,,,,,,,,,,,,,,,,,,,,,,,,,,,,,,,,,,,,,,,,,,,
,,,72,,,,,,S,,,,,,,,,,,,,,,,,S,,,,,,,,,,,,,,,,,S,,,,,,,,,,,,,,,,,,,S,,,,,,,,,,,,,,,,,,,,,,,,S,,,,,,,,,,,,,,,,,,,,,,,,,,
,XII AK 2,MAPEL,73,UPACARA/,AKI,AKI,AKI,AKI,,AKI,AKI,ISTIRAHAT,PPAN,PPAN,BPBK,TUGAS,,,,TADARUS &,MIK,MIK,MIK,MIK,MIK,,MIK,SJRH,SJRH,ISTIRAHAT,BING,BING,TUGAS,,,,,SHOLAT DHUHA & TADARUS DI LAPANG,PKK,PKK,ABO,ABO,,BIND,BIND,BIND,ISTIRAHAT,MIK,MIK,TUGAS,,,,,,TADARUS &,ABA,ABA,PJOK,PJOK,MATH,,MATH,MATH,ISTIRAHAT,PABP,PABP,PABP,TUGAS,,,,,SENAM &,BOBA,BOBA,BOBA,BOBA,BOBA,BOBA,ISTIRAHAT,BOBA,BJPG,BJPG,TUGAS,,,,,,3,2,3,2,2,,0,3,2,2,0,2,2,7,6,8,2,0,0,1,47,0
,,RUANG,74,PERWALIAN,Lab AKI XII,Lab AKI XII,Lab AKI XII,Lab AKI XII,,Lab AKI XII,Lab AKI XII,DZUHUR,R.57,R.57,R.57,MANDIRI,,,,SARAPAN,Lab MIKRO,Lab MIKRO,Lab MIKRO,Lab MIKRO,Lab MIKRO,,Lab MIKRO,R.60A,R.60A,DZUHUR,R.60A,R.60A,MANDIRI,,,,,KEGIATAN PAK DI R.MEETING,R.47,R.47,R.47,R.47,,R.47,R.47,R.47,DZUHUR,Lab MIKRO,Lab MIKRO,MANDIRI,,,,,,LITERASI ,R.60A,R.60A,LAP,LAP,R.60A,,R.60A,R.60A,DZUHUR,R.60A,R.60A,R.60A,MANDIRI,,,,,JUMAT BERSIH,Lab BOBA,Lab BOBA,Lab BOBA,Lab BOBA,Lab BOBA,Lab BOBA,DZUHUR,Lab BOBA,R.30,R.30,MANDIRI,,,,,,,,,,,,,,,,,,,,,,,,,,,
,,GURU,75,,WINDY,WINDY,WINDY,WINDY,T,WINDY,WINDY,MESJID,MAYA,MAYA,EVA,,,,,BERGIZI,SANTIKA,SANTIKA,SANTIKA,SANTIKA,SANTIKA,T,SANTIKA,SUDARMI,SUDARMI,MESJID,INDIRA,INDIRA,,,,,,,MIMY,MIMY,CECEP,CECEP,T,RINA,RINA,RINA,MESJID,FERTIKA,FERTIKA,,,,,,,DI KELAS,ENDANG,ENDANG,YENI,YENI,DADAN,T,DADAN,DADAN,MESJID,RUKMANA,RUKMANA,RUKMANA,,,,,,,NENENG,NENENG,NENENG,NENENG,NENENG,NENENG,MESJID,NENENG,RINI,RINI,,T,,,,,,,,,,,,,,,,,,,,,,,,,,
,,,76,,,,IAH,IAH,,IAH,IAH,,,,,,,,,DI KELAS,FERTIKA,FERTIKA,FERTIKA,FERTIKA,FERTIKA,,FERTIKA,,,,,,,,,,,,,,,,,,,,,,,,,,,,,,,,,,,,,,,,,,,,,,,,TINI,TINI,TINI,TINI,TINI,TINI,,TINI,,,,,,,,,,,,,,,,,,,,,,,,,,,,,,
,,,77,,,,,,,,,,,,,,,,,,,,,,,,,,,,,,,,,,,,,,,,,,,,,,,,,,,,,,,,,,,,,,,,,,,,,,,,,,,,,,,,,,,,,,,,,,,,,,,,,,,,,,,,,,,,,
,XII AK 3,MAPEL,78,UPACARA/,PKK,PKK,SJRH,SJRH,I,ABA,ABA,ISTIRAHAT,BPBK,MIK,MIK,TUGAS,,,,TADARUS &,ABO,ABO,PABP,PABP,PABP,I,BJPG,BJPG,ISTIRAHAT,AKI,AKI,AKI,AKI,,,,,SHOLAT DHUHA & TADARUS DI LAPANG,BOBA,BOBA,BOBA,BOBA,I,BOBA,BOBA,BOBA,ISTIRAHAT,MATH,MATH,MATH,,,,,,TADARUS &,AKI,AKI,BIND,BIND,BIND,I,BING,BING,ISTIRAHAT,PJOK,PJOK,TUGAS,TUGAS,,,,,SENAM &,MIK,MIK,MIK,MIK,MIK,MIK,ISTIRAHAT,PPAN,PPAN,TUGAS,TUGAS,I,,,,,3,2,3,2,2,,0,3,2,2,0,2,2,7,6,8,2,0,0,1,47,0
,,RUANG,79,PERWALIAN,R.58,R.58,R.58,R.58,,R.58,R.58,DZUHUR,R.58,Lab MIKRO,Lab MIKRO,MANDIRI,,,,SARAPAN,R.58,R.58,R.58,R.58,R.58,,R.58,R.58,DZUHUR,Lab AKI XII,Lab AKI XII,Lab AKI XII,Lab AKI XII,,,,,KEGIATAN PAK DI R.MEETING,Lab BOBA,Lab BOBA,Lab BOBA,Lab BOBA,,Lab BOBA,Lab BOBA,Lab BOBA,DZUHUR,R.47,R.47,R.47,,,,,,LITERASI ,R.58,R.58,R.58,R.58,R.58,,R.58,R.58,DZUHUR,LAP,LAP,MANDIRI,MANDIRI,,,,,JUMAT BERSIH,Lab MIKRO,Lab MIKRO,Lab MIKRO,Lab MIKRO,Lab MIKRO,Lab MIKRO,DZUHUR,R.58,R.58,MANDIRI,MANDIRI,,,,,,,,,,,,,,,,,,,,,,,,,,,
,,GURU,80,,MIMY,MIMY,SUDARMI,SUDARMI,,SYAFITRI,SYAFITRI,MESJID,EVA,NENENG,NENENG,,,,,BERGIZI,TINI,TINI,RUKMANA,RUKMANA,RUKMANA,,RINI,RINI,MESJID,DANTY,DANTY,DANTY,DANTY,,,,,,ENDANG,ENDANG,ENDANG,ENDANG,,ENDANG,ENDANG,ENDANG,MESJID,DADAN,DADAN,DADAN,,,,,,DI KELAS,WINDY,WINDY,RINA,RINA,RINA,,INDIRA,INDIRA,MESJID,YENI,YENI,,,,,,,,SANTIKA,SANTIKA,SANTIKA,SANTIKA,SANTIKA,SANTIKA,MESJID,MAYA,MAYA,,,,,,,,,,,,,,,,,,,,,,,,,,,,,
,,,81,,,,,,R,,,,,,,,,,,DI KELAS,,,,,,R,,,,SUGI,SUGI,SUGI,SUGI,,,,,,SYAFITRI,SYAFITRI,SYAFITRI,SYAFITRI,R,SYAFITRI,SYAFITRI,SYAFITRI,,,,,,,,,,,,,,,,R,,,,,,,,,,,,,ANGGITA,ANGGITA,ANGGITA,ANGGITA,ANGGITA,ANGGITA,,,,,,R,,,,,,,,,,,,,,,,,,,,,,,,,,
,,,82,,,,,,,,,,,,,,,,,,,,,,,,,,,,,,,,,,,,,,,,,,,,,,,,,,,,,,,,,,,,,,,,,,,,,,,,,,,,,,,,,,,,,,,,,,,,,,,,,,,,,,,,,,,,,
,XII AK 4,MAPEL,83,UPACARA/,BOBA,BOBA,BOBA,BOBA,,BOBA,BOBA,ISTIRAHAT,BOBA,MIK,MIK,TUGAS,,,,TADARUS &,BJPG,BJPG,SJRH,SJRH,MATH,,MATH,MATH,ISTIRAHAT,BPBK,PABP,PABP,PABP,,,,,SHOLAT DHUHA & TADARUS DI LAPANG,ABO,ABO,AKI,AKI,,AKI,AKI,ISTIRAHAT,PPAN,PPAN,BING,BING,,,,,,TADARUS &,PKK,PKK,PJOK,PJOK,ABA,,ABA,BIND,ISTIRAHAT,BIND,BIND,TUGAS,TUGAS,,,,,SENAM &,MIK,MIK,MIK,MIK,MIK,MIK,ISTIRAHAT,AKI,AKI,TUGAS,TUGAS,,,,,,3,2,3,2,2,,0,3,2,2,0,2,2,7,6,8,2,0,0,1,47,0
,,RUANG,84,PERWALIAN,Lab BOBA,Lab BOBA,Lab BOBA,Lab BOBA,A,Lab BOBA,Lab BOBA,DZUHUR,Lab BOBA,R. 19,R. 19,MANDIRI,,,,SARAPAN,R.62,R.62,R.62,R.62,R.62,A,R.62,R.62,DZUHUR,R.62,R.62,R.62,R.62,,,,,KEGIATAN PAK DI R.MEETING,R.51,R.51,Lab AKI XII,Lab AKI XII,A,Lab AKI XII,Lab AKI XII,DZUHUR,R.51,R.51,R.51,R.51,,,,,,LITERASI ,R.56,R.56,LAP,LAP,R.56,R,R.56,R.56,R,R.56,R.56,MANDIRI,MANDIRI,,,,,JUMAT BERSIH,R.KUALI,R.KUALI,R.KUALI,R.KUALI,R.KUALI,R.KUALI,DZUHUR,R.53,R.53,MANDIRI,MANDIRI,A,,,,,,,,,,,,,,,,,,,,,,,,,,
,,GURU,85,,CECEP,CECEP,CECEP,CECEP,,CECEP,CECEP,MESJID,CECEP,FERTIKA,FERTIKA,,,,,BERGIZI,RINI,RINI,SUDARMI,SUDARMI,DADAN,,DADAN,DADAN,MESJID,EVA,RUKMANA,RUKMANA,RUKMANA,,,,,,CECEP,CECEP,DANTY,DANTY,,DANTY,DANTY,MESJID,MAYA,MAYA,INDIRA,INDIRA,,,,,,DI KELAS,MIMY,MIMY,TAUFIK,TAUFIK,ENDANG,,ENDANG,RINA,MESJID,RINA,RINA,,,,,,,,NINA,NINA,NINA,NINA,NINA,NINA,MESJID,DANTY,DANTY,,,,,,,,,,,,,,,,,,,,,,,,,,,,,
,,,86,,NENENG,NENENG,NENENG,NENENG,,NENENG,NENENG,,NENENG,,,,,,,DI KELAS,,,,,,,,,,,,,,,,,,,,,POPONG,POPONG,,POPONG,POPONG,,,,,,,,,,,,,,,,,,,,,,,,,,,,,,FERTIKA,FERTIKA,FERTIKA,FERTIKA,FERTIKA,FERTIKA,,,,,,,,,,,,,,,,,,,,,,,,,,,,,,,,
,,,87,,,,,,H,,,,,,,,,,,,,,,,,H,,,,,,,,,,,,,,,,,H,,,,,,,,,,,,,,,,,,,H,,,,,,,,,,,,,,,,,,,,,,,,H,,,,,,,,,,,,,,,,,,,,,,,,,,
,XII AK 5,MAPEL,88,UPACARA/,ABA,ABA,PJOK,PJOK,,SJRH,SJRH,ISTIRAHAT,BIND,BIND,BIND,TUGAS,,,,TADARUS &,BPBK,PKK,PKK,BOBA,BOBA,,BOBA,BOBA,ISTIRAHAT,BOBA,BOBA,BOBA,TUGAS,,,,,SHOLAT DHUHA & TADARUS DI LAPANG,MIK,MIK,MIK,MIK,,MIK,MIK,ISTIRAHAT,ABO,ABO,PPAN,PPAN,,,,,,TADARUS &,AKI,AKI,AKI,AKI,AKI,,AKI,MIK,MIK,ISTIRAHAT,BING,BING,TUGAS,,,,,SENAM &,BJPG,BJPG,TUGAS,MATH,MATH,MATH,ISTIRAHAT,PABP,PABP,PABP,TUGAS,,,,,,3,2,3,2,2,,0,3,2,2,0,2,2,7,6,8,2,0,0,1,47,0
,,RUANG,89,PERWALIAN,R.61,R.61,LAP,LAP,,R.61,R.61,DZUHUR,R.61,R.61,R.61,MANDIRI,,,,SARAPAN,R.60,R.60,R.60,Lab BOBA,Lab BOBA,,Lab BOBA,Lab BOBA,DZUHUR,Lab BOBA,Lab BOBA,Lab BOBA,MANDIRI,,,,,KEGIATAN PAK DI R.MEETING,Lab MIKRO,Lab MIKRO,Lab MIKRO,Lab MIKRO,,Lab MIKRO,Lab MIKRO,DZUHUR,R.53,R.53,R.53,R.53,,,,,,LITERASI ,Lab AKI XII,Lab AKI XII,Lab AKI XII,Lab AKI XII,Lab AKI XII,,Lab AKI XII,R.60B,R.60B,DZUHUR,R.60B,R.60B,MANDIRI,,,,,JUMAT BERSIH,R.60,R.60,MANDIRI,R.60,R.60,R.60,DZUHUR,R.60,R.60,R.60,MANDIRI,,,,,,,,,,,,,,,,,,,,,,,,,,,
,,GURU,90,,ENDANG,ENDANG,TAUFIK,TAUFIK,A,APRIL,APRIL,MESJID,RINA,RINA,RINA,,,,,BERGIZI,EVA,MIMY,MIMY,ENDANG,ENDANG,A,ENDANG,ENDANG,MESJID,ENDANG,ENDANG,ENDANG,,,,,,,NINA,NINA,NINA,NINA,A,NINA,NINA,MESJID,CECEP,CECEP,MAYA,MAYA,,,,,,DI KELAS,DANTY,DANTY,DANTY,DANTY,DANTY,A,DANTY,NENENG,NENENG,MESJID,INDIRA,INDIRA,,,,,,,RINI,RINI,,DADAN,DADAN,DADAN,MESJID,RUKMANA,RUKMANA,RUKMANA,,A,,,,,,,,,,,,,,,,,,,,,,,,,,
,,,91,,,,,,,,,,,,,,,,,DI KELAS,,,,MIMY,MIMY,,MIMY,MIMY,,MIMY,MIMY,MIMY,,,,,,,NENENG,NENENG,NENENG,NENENG,,NENENG,NENENG,,,,,,,,,,,,,,SUGI,SUGI,SUGI,,SUGI,,,,,,,,,,,,,,,,,,,,,,,,,,,,,,,,,,,,,,,,,,,,,,,,,
,,,92,,,,,,,,,,,,,,,,,,,,,,,,,,,,,,,,,,,,,,,,,,,,,,,,,,,,,,,,,,,,,,,,,,,,,,,,,,,,,,,,,,,,,,,,,,,,,,,,,,,,,,,,,,,,,
,XII AK 6,MAPEL,93,UPACARA/,ABA,ABA,BIND,BIND,T,BIND,ABO,ABO,ISTIRAHAT,PABP,PABP,PABP,,,,TADARUS &,MATH,MATH,MATH,BOBA,BOBA,T,BOBA,BOBA,ISTIRAHAT,BOBA,BOBA,BOBA,TUGAS,,,,,SHOLAT DHUHA & TADARUS DI LAPANG,SJRH,SJRH,BING,BING,T,PPAN,PPAN,ISTIRAHAT,PJOK,PJOK,BPBK,TUGAS,,,,,,TADARUS &,MIK,MIK,MIK,MIK,MIK,T,MIK,PKK,PKK,ISTIRAHAT,BJPG,BJPG,TUGAS,,,,,SENAM &,AKI,AKI,AKI,AKI,AKI,AKI,ISTIRAHAT,TUGAS,MIK,MIK,TUGAS,T,,,,,3,2,3,2,2,,0,3,2,2,0,2,2,7,6,8,2,0,0,1,47,0
,,RUANG,94,PERWALIAN,R.44,R.44,R.44,R.44,,R.44,R.44,R.44,DZUHUR,R.44,R.44,R.44,,,,SARAPAN,R.57,R.57,R.57,R.KUALI,R.KUALI,,R.KUALI,R.KUALI,DZUHUR,R.KUALI,R.KUALI,R.KUALI,MANDIRI,,,,,KEGIATAN PAK DI R.MEETING,R.63,R.63,R.63,R.63,,R.63,R.63,DZUHUR,LAP,LAP,R.63,MANDIRI,,,,,,LITERASI ,Lab MIKRO,Lab MIKRO,Lab MIKRO,Lab MIKRO,Lab MIKRO,,Lab MIKRO,R.48,R.48,DZUHUR,R.48,R.48,MANDIRI,,,,,JUMAT BERSIH,Lab AKI XII,Lab AKI XII,Lab AKI XII,Lab AKI XII,Lab AKI XII,Lab AKI XII,DZUHUR,MANDIRI,Lab MIKRO,Lab MIKRO,MANDIRI,,,,,,,,,,,,,,,,,,,,,,,,,,,
,,GURU,95,,SYAFITRI,SYAFITRI,RINA,RINA,,RINA,TINI,TINI,MESJID,RUKMANA,RUKMANA,RUKMANA,,,,BERGIZI,DADAN,DADAN,DADAN,TINI,TINI,,TINI,TINI,MESJID,TINI,TINI,TINI,,,,,,,SUDARMI,SUDARMI,INDIRA,INDIRA,,MAYA,MAYA,MESJID,TAUFIK,TAUFIK,EVA,,,,,,,DI KELAS,SANTIKA,SANTIKA,SANTIKA,SANTIKA,SANTIKA,,SANTIKA,MIMY,MIMY,MESJID,RINI,RINI,,,,,,,DANTY,DANTY,DANTY,DANTY,DANTY,DANTY,MESJID,,NENENG,NENENG,,,,,,,,,,,,,,,,,,,,,,,,,,,,
,,,96,,,,,,,,,,,,,,,,,DI KELAS,,,,SYAFITRI,SYAFITRI,,SYAFITRI,SYAFITRI,,SYAFITRI,SYAFITRI,SYAFITRI,,,,,,,,,,,,,,,,,,,,,,,,,NENENG,NENENG,NENENG,NENENG,NENENG,,NENENG,,,,,,,,,,,,,,IAH,IAH,IAH,IAH,,,,,,,,,,,,,,,,,,,,,,,,,,,,,,,,
,,,97,,,,,,,,,,,,,,,,,,,,,,,,,,,,,,,,,,,,,,,,,,,,,,,,,,,,,,,,,,,,,,,,,,,,,,,,,,,,,,,,,,,,,,,,,,,,,,,,,,,,,,,,,,,,,
,,,98,,,,,,,,,,,,,,,,,,,,,,,,,,,,,,,,,,,,,,,,,,,,,,,,,,,,,,,,,,,,,,,,,,,,,,,,,,,,,,,,,,,,,,,,,,,,,,BJPG,MATH,BING,,,ABO,ABA,,AKI,MIK,PKK,KLI,KBM,BPBK,,
,XIII AK 1,MAPEL,99,UPACARA/,PIKET,PIKET,PIKET,PIKET,,PIKET,PIKET,,PIKET,PIKET,PIKET,PIKET,,,,TADARUS &,BING,BING,PROJEK,MATH,MATH,,PROJEK,PROJEK,,PROJEK,PROJEK,PROJEK,PROJEK,,,,,SHOLAT DHUHA & TADARUS DI LAPANG,PROJEK,PROJEK,PROJEK,PROJEK,,PROJEK,PROJEK,,PROJEK,PROJEK,PROJEK,PROJEK,,,,,,TADARUS &,PROJEK,PROJEK,PROJEK,PROJEK,PROJEK,,PROJEK,PROJEK,,PROJEK,PROJEK,PROJEK,PROJEK,,,,,SENAM &,PROJEK,PROJEK,PROJEK,PROJEK,PROJEK,PROJEK,,PROJEK,PROJEK,PROJEK,PROJEK,,,,,,0,0,0,0,0,0,0,2,2,0,0,0,0,0,0,0,0,0,0,0,4,
,,,100,PERWALIAN,LAB,LAB,LAB,LAB,,LAB,LAB,,LAB,LAB,LAB,LAB,,,,SARAPAN,R.56,R.56,PKL,R.51,R.51,,PKL,PKL,,PKL,PKL,PKL,PKL,,,,,KEGIATAN PAK DI R.MEETING,PKL,PKL,PKL,PKL,,PKL,PKL,,PKL,PKL,PKL,PKL,,,,,,LITERASI ,PKL,PKL,PKL,PKL,PKL,,PKL,PKL,,PKL,PKL,PKL,PKL,,,,,JUMAT BERSIH,PKL,PKL,PKL,PKL,PKL,PKL,,PKL,PKL,PKL,PKL,,,,,,,,,,,,,,,,,,,,,,,,,,,
,,GURU,101,,,,,,,,,,,,,,,,,BERGIZI,INDIRA,INDIRA,TEMA 1,DENA,DENA,,TEMA 1,TEMA 1,,TEMA 1,TEMA 1,TEMA 1,TEMA 1,,,,,,TEMA 1,TEMA 1,TEMA 1,TEMA 1,,TEMA 1,TEMA 1,,TEMA 1,TEMA 1,TEMA 1,TEMA 1,,,,,,DI KELAS,TEMA 1,TEMA 1,TEMA 1,TEMA 1,TEMA 1,,TEMA 1,TEMA 1,,TEMA 1,TEMA 1,TEMA 1,TEMA 1,,,,,,TEMA 1,TEMA 1,TEMA 1,TEMA 1,TEMA 1,TEMA 1,,TEMA 1,TEMA 1,TEMA 1,TEMA 1,,,,,,,,,,,,,,,,,,,,,,,,,,,
,,,102,,,,,,,,,,,,,,,,,DI KELAS,,,,,,,,,,,,,,,,,,,,,,,,,,,,,,,,,,,,,,,,,,,,,,,,,,,,,,,,,,,,,,,,,,,,,,,,,,,,,,,,,,,,,,,,,,,,
,,,103,,,,,,S,,,S,,,,,,,,,,,,,,S,,,S,,,,,,,,,,,,,,S,,,S,,,,,,,,,,,,,,,,S,,,S,,,,,,,,,,,,,,,,S,,,,,S,,,,,,,,,,,,,,,,,,,,,,,,,,
,XIII AK 2,MAPEL,104,UPACARA/,BING,BING,PROJEK,PROJEK,,PROJEK,PROJEK,,PROJEK,PROJEK,PROJEK,PROJEK,,,,TADARUS &,PROJEK,PROJEK,PROJEK,PROJEK,PROJEK,,PROJEK,PROJEK,,PROJEK,PROJEK,PROJEK,PROJEK,,,,,SHOLAT DHUHA & TADARUS DI LAPANG,PROJEK,PROJEK,PROJEK,PROJEK,,PROJEK,PROJEK,,PROJEK,PROJEK,PROJEK,PROJEK,,,,,,TADARUS &,PIKET,PIKET,PIKET,PIKET,PIKET,,PIKET,PIKET,,PIKET,PIKET,PIKET,PIKET,,,,,SENAM &,PROJEK,PROJEK,MATH,MATH,PROJEK,PROJEK,,PROJEK,PROJEK,PROJEK,PROJEK,,,,,,0,0,0,0,0,,0,2,2,0,0,0,0,0,0,0,0,0,0,0,4,
,,,105,PERWALIAN,R.53,R.53,PKL,PKL,,PKL,PKL,,PKL,PKL,PKL,PKL,,,,SARAPAN,PKL,PKL,PKL,PKL,PKL,,PKL,PKL,,PKL,PKL,PKL,PKL,,,,,KEGIATAN PAK DI R.MEETING,PKL,PKL,PKL,PKL,,PKL,PKL,,PKL,PKL,PKL,PKL,,,,,,LITERASI ,LAB,LAB,LAB,LAB,LAB,,LAB,LAB,,LAB,LAB,LAB,LAB,,,,,JUMAT BERSIH,PKL,PKL,R.52,R.52,PKL,PKL,,PKL,PKL,PKL,PKL,,,,,,,,,,,,,,,,,,,,,,,,,,,
,,GURU,106,,INDIRA,INDIRA,TEMA 2,TEMA 2,,TEMA 2,TEMA 2,,TEMA 2,TEMA 2,TEMA 2,TEMA 2,,,,BERGIZI,TEMA 2,TEMA 2,TEMA 2,TEMA 2,TEMA 2,,TEMA 2,TEMA 2,,TEMA 2,TEMA 2,TEMA 2,TEMA 2,,,,,,TEMA 2,TEMA 2,TEMA 2,TEMA 2,,TEMA 2,TEMA 2,,TEMA 2,TEMA 2,TEMA 2,TEMA 2,,,,,,DI KELAS,,,,,,,,,,,,,,,,,,,TEMA 2,TEMA 2,DENA,DENA,TEMA 2,TEMA 2,T,TEMA 2,TEMA 2,TEMA 2,TEMA 2,T,,,,,,,,,,,,,,,,,,,,,,,,,,
,,,107,,,,,,,,,,,,,,,,,DI KELAS,,,,,,,,,,,,,,,,,,,,,,,,,,,,,,,,,,,,,,,,,,,,,,,,,,,,,,,,,,,,,,,,,,,,,,,,,,,,,,,,,,,,,,,,,,,,
,,,108,,,,,,,,,,,,,,,,,,,,,,,,,,,,,,,,,,,,,,,,,,,,,,,,,,,,,,,,,,,,,,,,,,,,,,,,,,,,,,,,,,,,,,,,,,,,,,,,,,,,,,,,,,,,,
,XIII AK 3,MAPEL,109,UPACARA/,PROJEK,PROJEK,PROJEK,PROJEK,I,PROJEK,PROJEK,I,PROJEK,PROJEK,PROJEK,PROJEK,,,,TADARUS &,MATH,MATH,PROJEK,PROJEK,PROJEK,I,BING,BING,I,PROJEK,PROJEK,PROJEK,PROJEK,,,,,SHOLAT DHUHA & TADARUS DI LAPANG,PROJEK,PROJEK,PROJEK,PROJEK,I,PROJEK,PROJEK,I,PROJEK,PROJEK,PROJEK,PROJEK,,,,,,TADARUS &,PROJEK,PROJEK,PROJEK,PROJEK,PROJEK,I,PROJEK,PROJEK,I,PROJEK,PROJEK,PROJEK,PROJEK,,,,,SENAM &,PIKET,PIKET,PIKET,PIKET,PIKET,PIKET,I,PIKET,PIKET,PIKET,PIKET,I,,,,,0,0,0,0,0,0,0,2,2,0,0,0,0,0,0,0,0,0,0,0,4,
,,,110,PERWALIAN,PKL,PKL,PKL,PKL,,PKL,PKL,,PKL,PKL,PKL,PKL,,,,SARAPAN,R.44,R.44,PKL,PKL,PKL,,R.19,R.19,,PKL,PKL,PKL,PKL,,,,,KEGIATAN PAK DI R.MEETING,PKL,PKL,PKL,PKL,,PKL,PKL,,PKL,PKL,PKL,PKL,,,,,,LITERASI ,PKL,PKL,PKL,PKL,PKL,,PKL,PKL,,PKL,PKL,PKL,PKL,,,,,JUMAT BERSIH,LAB,LAB,LAB,LAB,LAB,LAB,,LAB,LAB,LAB,LAB,,,,,,,,,,,,,,,,,,,,,,,,,,,
,,GURU,111,,TEMA 3,TEMA 3,TEMA 3,TEMA 3,,TEMA 3,TEMA 3,,TEMA 3,TEMA 3,TEMA 3,TEMA 3,,,,BERGIZI,DENA,DENA,TEMA 3,TEMA 3,TEMA 3,,INDIRA,INDIRA,,TEMA 3,TEMA 3,TEMA 3,TEMA 3,,,,,,TEMA 3,TEMA 3,TEMA 3,TEMA 3,,TEMA 3,TEMA 3,,TEMA 3,TEMA 3,TEMA 3,TEMA 3,,,,,,DI KELAS,TEMA 3,TEMA 3,TEMA 3,TEMA 3,TEMA 3,,TEMA 3,TEMA 3,,TEMA 3,TEMA 3,TEMA 3,TEMA 3,,,,,,,,,,,,,,,,,,,,,,,,,,,,,,,,,,,,,,,,,,,
,,,112,,,,,,R,,,R,,,,,,,,DI KELAS,,,,,,R,,,R,,,,,,,,,,,,,,R,,,R,,,,,,,,,,,,,,,,R,,,R,,,,,,,,,,,,,,,,R,,,,,R,,,,,,,,,,,,,,,,,,,,,,,,,,
,,,113,,,,,,,,,,,,,,,,,,,,,,,,,,,,,,,,,,,,,,,,,,,,,,,,,,,,,,,,,,,,,,,,,,,,,,,,,,,,,,,,,,,,,,,,,,,,,,,,,,,,,,,,,,,,,
,XIII AK 4,MAPEL,114,UPACARA/,PROJEK,PROJEK,PROJEK,PROJEK,,PROJEK,PROJEK,,PROJEK,PROJEK,PROJEK,PROJEK,,,,TADARUS &,PROJEK,PROJEK,PROJEK,PROJEK,PROJEK,,PROJEK,PROJEK,,MATH,MATH,PROJEK,PROJEK,,,,,SHOLAT DHUHA & TADARUS DI LAPANG,BING,BING,PROJEK,PROJEK,,PROJEK,PROJEK,,PROJEK,PROJEK,PROJEK,PROJEK,,,,,,TADARUS &,PROJEK,PROJEK,PROJEK,PROJEK,PROJEK,,PROJEK,PROJEK,,PROJEK,PROJEK,PROJEK,PROJEK,,,,,SENAM &,PIKET,PIKET,PIKET,PIKET,PIKET,PIKET,,PIKET,PIKET,PIKET,PIKET,,,,,,0,0,0,0,0,0,0,2,2,0,0,0,0,0,0,0,0,0,0,0,4,
,,,115,PERWALIAN,PKL,PKL,PKL,PKL,,PKL,PKL,A,PKL,PKL,PKL,PKL,,,,SARAPAN,PKL,PKL,PKL,PKL,PKL,,PKL,PKL,A,R.48,R.48,PKL,PKL,,,,,KEGIATAN PAK DI R.MEETING,R.60B,R.60B,PKL,PKL,,PKL,PKL,A,PKL,PKL,PKL,PKL,,,,,,LITERASI ,PKL,PKL,PKL,PKL,PKL,,PKL,PKL,A,PKL,PKL,PKL,PKL,,,,,JUMAT BERSIH,LAB,LAB,LAB,LAB,LAB,LAB,,LAB,LAB,LAB,LAB,,,,,,,,,,,,,,,,,,,,,,,,,,,
,,GURU,116,,TEMA 4,TEMA 4,TEMA 4,TEMA 4,,TEMA 4,TEMA 4,,TEMA 4,TEMA 4,TEMA 4,TEMA 4,,,,BERGIZI,TEMA 4,TEMA 4,TEMA 4,TEMA 4,TEMA 4,,TEMA 4,TEMA 4,,DENA,DENA,TEMA 4,TEMA 4,,,,,,INDIRA,INDIRA,TEMA 4,TEMA 4,,TEMA 4,TEMA 4,,TEMA 4,TEMA 4,TEMA 4,TEMA 4,,,,,,DI KELAS,TEMA 4,TEMA 4,TEMA 4,TEMA 4,TEMA 4,,TEMA 4,TEMA 4,,TEMA 4,TEMA 4,TEMA 4,TEMA 4,,,,,,,,,,,,,,,,,,,,,,,,,,,,,,,,,,,,,,,,,,,
,,,117,,,,,,,,,,,,,,,,,DI KELAS,,,,,,,,,,,,,,,,,,,,,,,,,,,,,,,,,,,,,,,,,,,,,,,,,,,,,,,,,,,,,,,,,,,,,,,,,,,,,,,,,,,,,,,,,,,,
,,,118,,,,,,H,,,H,,,,,,,,,,,,,,H,,,H,,,,,,,,,,,,,,H,,,H,,,,,,,,,,,,,,,,H,,,H,,,,,,,,,,,,,,,,H,,,,,H,,,,,,,,,,,,,,,,,,,,,,,,,,
,XIII AK 5,MAPEL,119,UPACARA/,PROJEK,PROJEK,PROJEK,PROJEK,,PROJEK,PROJEK,,PROJEK,PROJEK,PROJEK,PROJEK,,,,TADARUS &,PROJEK,PROJEK,PROJEK,PROJEK,PROJEK,,MATH,MATH,,PROJEK,PROJEK,PROJEK,PROJEK,,,,,SHOLAT DHUHA & TADARUS DI LAPANG,PIKET,PIKET,PIKET,PIKET,,PIKET,PIKET,,PIKET,PIKET,PIKET,PIKET,,,,,,TADARUS &,BING,BING,PROJEK,PROJEK,PROJEK,,PROJEK,PROJEK,,PROJEK,PROJEK,PROJEK,PROJEK,,,,,SENAM &,PROJEK,PROJEK,PROJEK,PROJEK,PROJEK,PROJEK,,PROJEK,PROJEK,PROJEK,PROJEK,,,,,,0,0,0,0,0,0,0,2,2,0,0,0,0,0,0,0,0,0,0,0,4,
,,,120,PERWALIAN,PKL,PKL,PKL,PKL,,PKL,PKL,,PKL,PKL,PKL,PKL,,,,SARAPAN,PKL,PKL,PKL,PKL,PKL,,R.MEETING,R.MEETING,,PKL,PKL,PKL,PKL,,,,,KEGIATAN PAK DI R.MEETING,LAB,LAB,LAB,LAB,,LAB,LAB,,LAB,LAB,LAB,LAB,,,,,,LITERASI ,R.48,R.48,PKL,PKL,PKL,,PKL,PKL,,PKL,PKL,PKL,PKL,,,,,JUMAT BERSIH,PKL,PKL,PKL,PKL,PKL,PKL,,PKL,PKL,PKL,PKL,,,,,,,,,,,,,,,,,,,,,,,,,,,
,,GURU,121,,TEMA 5,TEMA 5,TEMA 5,TEMA 5,,TEMA 5,TEMA 5,,TEMA 5,TEMA 5,TEMA 5,TEMA 5,,,,BERGIZI,TEMA 5,TEMA 5,TEMA 5,TEMA 5,TEMA 5,,DENA,DENA,,TEMA 5,TEMA 5,TEMA 5,TEMA 5,,,,,,,,,,,,,,,,,,,,,,,DI KELAS,INDIRA,INDIRA,TEMA 5,TEMA 5,TEMA 5,,TEMA 5,TEMA 5,,TEMA 5,TEMA 5,TEMA 5,TEMA 5,,,,,,TEMA 5,TEMA 5,TEMA 5,TEMA 5,TEMA 5,TEMA 5,A,TEMA 5,TEMA 5,TEMA 5,TEMA 5,A,,,,,,,,,,,,,,,,,,,,,,,,,,
,,,122,,,,,,,,,,,,,,,,,DI KELAS,,,,,,,,,,,,,,,,,,,,,,,,,,,,,,,,,,,,,,,,,,,,,,,,,,,,,,,,,,,,,,,,,,,,,,,,,,,,,,,,,,,,,,,,,,,,
,,,123,,,,,,,,,,,,,,,,,,,,,,,,,,,,,,,,,,,,,,,,,,,,,,,,,,,,,,,,,,,,,,,,,,,,,,,,,,,,,,,,,,,,,,,,,,,,,,,,,,,,,,,,,,,,,
,XIII AK 6,MAPEL,124,UPACARA/,PROJEK,PROJEK,PROJEK,PROJEK,T,PROJEK,PROJEK,T,PROJEK,PROJEK,PROJEK,PROJEK,,,,TADARUS &,PIKET,PIKET,PIKET,PIKET,PIKET,T,PIKET,PIKET,T,PIKET,PIKET,PIKET,PIKET,,,,,SHOLAT DHUHA & TADARUS DI LAPANG,PROJEK,PROJEK,PROJEK,PROJEK,T,PROJEK,PROJEK,T,PROJEK,PROJEK,PROJEK,PROJEK,,,,,,TADARUS &,MATH,MATH,BING,BING,PROJEK,T,PROJEK,PROJEK,T,PROJEK,PROJEK,PROJEK,PROJEK,,,,,SENAM &,PROJEK,PROJEK,PROJEK,PROJEK,PROJEK,PROJEK,T,PROJEK,PROJEK,PROJEK,PROJEK,T,,,,,0,0,0,0,0,0,0,2,2,0,0,0,0,0,0,0,0,0,0,0,4,
,,,125,PERWALIAN,PKL,PKL,PKL,PKL,,PKL,PKL,,PKL,PKL,PKL,PKL,,,,SARAPAN,LAB,LAB,LAB,LAB,LAB,,LAB,LAB,,LAB,LAB,LAB,LAB,,,,,KEGIATAN PAK DI R.MEETING,PKL,PKL,PKL,PKL,,PKL,PKL,,PKL,PKL,PKL,PKL,,,,,,LITERASI ,R.52,R.52,R.52,R.52,PKL,,PKL,PKL,,PKL,PKL,PKL,PKL,,,,,JUMAT BERSIH,PKL,PKL,PKL,PKL,PKL,PKL,,PKL,PKL,PKL,PKL,,,,,,,,,,,,,,,,,,,,,,,,,,,
,,GURU,126,,TEMA 6,TEMA 6,TEMA 6,TEMA 6,,TEMA 6,TEMA 6,,TEMA 6,TEMA 6,TEMA 6,TEMA 6,,,,BERGIZI,,,,,,,,,,,,,,,,,,,TEMA 6,TEMA 6,TEMA 6,TEMA 6,,TEMA 6,TEMA 6,,TEMA 6,TEMA 6,TEMA 6,TEMA 6,,,,,,DI KELAS,DENA,DENA,INDIRA,INDIRA,TEMA 6,,TEMA 6,TEMA 6,,TEMA 6,TEMA 6,TEMA 6,TEMA 6,,,,,,TEMA 6,TEMA 6,TEMA 6,TEMA 6,TEMA 6,TEMA 6,,TEMA 6,TEMA 6,TEMA 6,TEMA 6,,,,,,,,,,,,,,,,,,,,,,,,,,,
,,,127,,,,,,,,,,,,,,,,,DI KELAS,,,,,,,,,,,,,,,,,,,,,,,,,,,,,,,,,,,,,,,,,,,,,,,,,,,,,,,,,,,,,,,,,,,,,,,,,,,,,,,,,,,,,,,,,,,,
,,,128,,,,,,,,,,,,,,,,,,,,,,,,,,,,,,,,,,,,,,,,,,,,,,,,,,,,,,,,,,,,,,,,,,,,,,,,,,,,,,,,,,,,,,,,,,,,,,,,,,,,,,,,,,,,,
,,,129,,,,,,,,,,,,,,,,,,,,,,,,,,,,,,,,,,,,,,,,,,,,,,,,,,,,,,,,,,,,,,,,,,,,,,,,,,,,,,,,,,,,,,,,PABP,PPAN,BIND,PJOK,SJRH,SBDY,BSUN,MATH,BING,INFR,IPAS,DPK1,DPK2,DPK3,,,,,,BPBK,,
,X TKJ 1,MAPEL,130,UPACARA/,DPK1,DPK1,DPK1,DPK1,,PJOK,PJOK,ISTIRAHAT,SBDY,SBDY,BING,BING,,,,TADARUS &,MATH,MATH,INFR,INFR,INFR,,INFR,BIND,ISTIRAHAT,BIND,BING,BING,TUGAS,,,,,SHOLAT DHUHA & TADARUS DI LAPANG,PABP,PABP,PABP,TUGAS,,BIND,BIND,ISTIRAHAT,DPK2,DPK2,DPK2,DPK2,,,,,,TADARUS &,IPAS,IPAS,IPAS,IPAS,BSUN,,BSUN,BPBK,ISTIRAHAT,IPAS,IPAS,MATH,MATH,,,,,SENAM &,SJRH,SJRH,PPAN,PPAN,DPK3,DPK3,ISTIRAHAT,DPK3,DPK3,TUGAS,TUGAS,,,,,,3,2,4,2,2,2,2,4,4,4,6,4,4,4,0,0,0,0,0,1,48,
,,RUANG,131,PERWALIAN,R.39,R.39,R.39,R.39,I,LAP,LAP,DZUHUR,R.53,R.53,R.53,R.53,,,,SARAPAN,R.53,R.53,R.34,R.34,R.34,I,R.34,R.53,DZUHUR,R.53,R.53,R.53,MANDIRI,,,,,KEGIATAN PAK DI R.MEETING,R.53,R.53,R.53,MANDIRI,I,R.53,R.53,DZUHUR,R.39,R.39,R.39,R.39,,,,,,LITERASI ,R.53,R.53,R.53,R.53,R.53,I,R.53,R.53,DZUHUR,R.53,R.53,R.53,R.53,,,,,JUMAT BERSIH,R.53,R.53,R.53,R.53,R.39,R.39,DZUHUR,R.39,R.39,MANDIRI,MANDIRI,I,,,,,,,,,,,,,,,,,,,,,,,,,,
,,GURU,132,,RITA,RITA,RITA,RITA,S,YENI,YENI,MESJID,ADIW,ADIW,SHENDY,SHENDY,,,,BERGIZI,ETI,ETI,KANIA,KANIA,KANIA,S,KANIA,NURUL,MESJID,NURUL,SHENDY,SHENDY,,,,,,,RUHYA,RUHYA,RUHYA,,S,NURUL,NURUL,MESJID,ERMA,ERMA,ERMA,ERMA,,,,,,DI KELAS,ANNISA,ANNISA,ANNISA,ANNISA,DESTA,S,DESTA,HALIDA,MESJID,RITA,RITA,ETI,ETI,,,,,,APRIL,APRIL,TUBAGUS,TUBAGUS,NOGI,NOGI,MESJID,NOGI,NOGI,,,S,,,,,,,,,,,,,,,,,,,,,,,,,,
,,,133,,,,,,T,,,,,,,,,,,DI KELAS,,,,,,T,,,,,,,,,,,,,,,,,T,,,,,,,,,,,,,,,,,,,T,,,,,,,,,,,,,,,,,,,,,,,,T,,,,,,,,,,,,,,,,,,,,,,,,,,
,X TKJ 2,MAPEL,134,UPACARA/,PJOK,PJOK,SJRH,SJRH,I,BIND,BIND,ISTIRAHAT,DPK3,DPK3,DPK3,DPK3,,,,TADARUS &,DPK1,DPK1,DPK1,DPK1,BING,I,BING,BSUN,ISTIRAHAT,BSUN,MATH,MATH,TUGAS,,,,,SHOLAT DHUHA & TADARUS DI LAPANG,BIND,BIND,MATH,MATH,I,IPAS,IPAS,ISTIRAHAT,IPAS,IPAS,BPBK,TUGAS,,,,,,TADARUS &,SBDY,SBDY,PABP,PABP,PABP,I,IPAS,IPAS,ISTIRAHAT,DPK2,DPK2,DPK2,DPK2,,,,,SENAM &,INFR,INFR,INFR,INFR,BING,BING,ISTIRAHAT,PPAN,PPAN,TUGAS,TUGAS,I,,,,,3,2,4,2,2,2,2,4,4,4,6,4,4,4,0,0,0,0,0,1,48,
,,RUANG,135,PERWALIAN,LAP,LAP,R.54,R.54,R,R.54,R.54,DZUHUR,R.39,R.39,R.39,R.39,,,,SARAPAN,R.39,R.39,R.39,R.39,R.54,R,R.54,R.54,DZUHUR,R.54,R.54,R.54,MANDIRI,,,,,KEGIATAN PAK DI R.MEETING,R.54,R.54,R.54,R.54,R,R.54,R.54,DZUHUR,R.54,R.54,R.54,MANDIRI,,,,,,LITERASI ,R.54,R.54,R.54,R.54,R.54,R,R.54,R.54,DZUHUR,R.39,R.39,R.39,R.39,,,,,JUMAT BERSIH,R.34,R.34,R.34,R.34,R.54,R.54,DZUHUR,R.54,R.54,MANDIRI,MANDIRI,R,,,,,,,,,,,,,,,,,,,,,,,,,,
,,GURU,136,,YENI,YENI,APRIL,APRIL,A,NURUL,NURUL,MESJID,NOGI,NOGI,NOGI,NOGI,,,,BERGIZI,RITA,RITA,RITA,RITA,SHENDY,A,SHENDY,DESTA,MESJID,DESTA,ETI,ETI,,,,,,,NURUL,NURUL,ETI,ETI,A,ANNISA,ANNISA,MESJID,ANNISA,ANNISA,HALIDA,,,,,,,DI KELAS,ADIW,ADIW,RUHYA,RUHYA,RUHYA,A,RITA,RITA,MESJID,ERMA,ERMA,ERMA,ERMA,,,,,,KANIA,KANIA,KANIA,KANIA,SHENDY,SHENDY,MESJID,SUKMA,SUKMA,,,A,,,,,,,,,,,,,,,,,,,,,,,,,,
,,,137,,,,,,H,,,,,,,,,,,DI KELAS,,,,,,H,,,,,,,,,,,,,,,,,H,,,,,,,,,,,,,,,,,,,H,,,,,,,,,,,,,,,,,,,,,,,,H,,,,,,,,,,,,,,,,,,,,,,,,,,
,X TKJ 3,MAPEL,138,UPACARA/,IPAS,IPAS,IPAS,IPAS,A,IPAS,IPAS,ISTIRAHAT,INFR,INFR,INFR,INFR,,,,TADARUS &,BIND,BIND,MATH,MATH,BPBK,A,DPK2,DPK2,ISTIRAHAT,DPK2,DPK2,TUGAS,TUGAS,,,,,SHOLAT DHUHA & TADARUS DI LAPANG,SBDY,SBDY,BIND,BIND,A,PPAN,PPAN,ISTIRAHAT,MATH,MATH,BSUN,BSUN,,,,,,TADARUS &,DPK1,DPK1,DPK1,DPK1,BING,A,BING,PABP,ISTIRAHAT,PABP,PABP,PJOK,PJOK,,,,,SENAM &,DPK3,DPK3,DPK3,DPK3,SJRH,SJRH,ISTIRAHAT,BING,BING,TUGAS,TUGAS,A,,,,,3,2,4,2,2,2,2,4,4,4,6,4,4,4,0,0,0,0,0,1,48,
,,RUANG,139,PERWALIAN,R.55,R.55,R.55,R.55,T,R.55,R.55,DZUHUR,R.34,R.34,R.34,R.34,,,,SARAPAN,R.55,R.55,R.55,R.55,R.55,T,R.39,R.39,DZUHUR,R.39,R.39,MANDIRI,MANDIRI,,,,,KEGIATAN PAK DI R.MEETING,R.55,R.55,R.55,R.55,T,R.55,R.55,DZUHUR,R.55,R.55,R.55,R.55,,,,,,LITERASI ,R.39,R.39,R.39,R.39,R.55,T,R.55,R.55,DZUHUR,R.55,R.55,LAP,LAP,,,,,JUMAT BERSIH,R.39,R.39,R.39,R.39,R.55,R.55,DZUHUR,R.55,R.55,MANDIRI,MANDIRI,T,,,,,,,,,,,,,,,,,,,,,,,,,,
,,GURU,140,,TUBAGUS,TUBAGUS,TUBAGUS,TUBAGUS,,RITA,RITA,MESJID,KANIA,KANIA,KANIA,KANIA,,,,BERGIZI,NURUL,NURUL,ETI,ETI,HALIDA,,ERMA,ERMA,MESJID,ERMA,ERMA,,,,,,,,ADIW,ADIW,NURUL,NURUL,,SUKMA,SUKMA,MESJID,ETI,ETI,DESTA,DESTA,,,,,,DI KELAS,RITA,RITA,RITA,RITA,SHENDY,,SHENDY,RUHYA,MESJID,RUHYA,RUHYA,YENI,YENI,,,,,,NOGI,NOGI,NOGI,NOGI,APRIL,APRIL,MESJID,SHENDY,SHENDY,,,,,,,,,,,,,,,,,,,,,,,,,,,,,
,,,141,,,,,,,,,,,,,,,,,DI KELAS,,,,,,,,,,,,,,,,,,,,,,,,,,,,,,,,,,,,,,,,,,,,,,,,,,,,,,,,,,,,,,,,,,,,,,,,,,,,,,,,,,,,,,,,,,,,
,,,142,,,,,,,,,,,,,,,,,,,,,,,,,,,,,,,,,,,,,,,,,,,,,,,,,,,,,,,,,,,,,,,,,,,,,,,,,,,,,,,,,,,,,,,,PABP,PPAN,BIND,PJOK,SJRH,SBDY,BSUN,MATH,BING,,,TJKN,ASJ,PPJ,PKPJ,PKWU,PKK,STA,M. PIL,BPBK,,
,XI TKJ 1,MAPEL,143,UPACARA/,PKPJ,PKPJ,PKPJ,PKPJ,,PKK,PKK,ISTIRAHAT,BIND,BIND,BIND,TUGAS,,,,TADARUS &,PPJ,PPJ,PPJ,PPJ,PPJ,,PPJ,BPBK,ISTIRAHAT,SJRH,SJRH,PPAN,PPAN,,,,,SHOLAT DHUHA & TADARUS DI LAPANG,TJKN,TJKN,TJKN,TJKN,,TJKN,TJKN,ISTIRAHAT,BING,BING,PJOK,PJOK,,,,,,TADARUS &,ASJ,ASJ,ASJ,ASJ,ASJ,,ASJ,BSUN,BSUN,ISTIRAHAT,BING,BING,TUGAS,,,,,SENAM &,MATH,MATH,MATH,PABP,PABP,PABP,ISTIRAHAT,M. PIL,M. PIL,M. PIL,TUGAS,,,,,,3,2,3,2,2,0,2,3,4,0,0,6,6,6,4,0,2,0,3,1,49,
,,RUANG,144,PERWALIAN,R.38,R.38,R.38,R.38,I,R.29,R.29,DZUHUR,R.29,R.29,R.29,MANDIRI,,,,SARAPAN,R.38,R.38,R.38,R.38,R.38,I,R.38,R.29,DZUHUR,R.29,R.29,R.29,R.29,,,,,KEGIATAN PAK DI R.MEETING,R.33,R.33,R.33,R.33,I,R.33,R.33,DZUHUR,R.29,R.29,LAP,LAP,,,,,,LITERASI ,R.40,R.40,R.40,R.40,R.40,I,R.39,R.29,R.29,DZUHUR,R.29,R.29,MANDIRI,,,,,JUMAT BERSIH,R.29,R.29,R.29,R.29,R.29,R.29,DZUHUR,R.29,R.29,R.29,MANDIRI,I,,,,,,,,,,,,,,,,,,,,,,,,,,
,,GURU,145,,PRIYO,PRIYO,PRIYO,PRIYO,S,KANIA,KANIA,MESJID,NURUL,NURUL,NURUL,,,,,BERGIZI,ATEP,ATEP,ATEP,ATEP,ATEP,S,ATEP,HAZAR,MESJID,SUKMA,SUKMA,ELA,ELA,,,,,,NOGI,NOGI,NOGI,NOGI,S,NOGI,NOGI,MESJID,LIA,LIA,TAUFIK,TAUFIK,,,,,,DI KELAS,HARRY,HARRY,HARRY,HARRY,HARRY,S,HARRY,DESTA,DESTA,MESJID,LIA,LIA,,,,,,,NOFA,NOFA,NOFA,WENI,WENI,WENI,MESJID,KANIA,KANIA,KANIA,,S,,,,,,,,,,,,,,,,,,,,,,,,,,
,,,146,,,,,,T,,,,,,,,,,,DI KELAS,,,,,,T,,,,,,,,,,,,,,,,,T,,,,,,,,,,,,,,,,,,,T,,,,,,,,,,,,,,,,,,,,,,,,T,,,,,,,,,,,,,,,,,,,,,,,,,,
,XI TKJ 2,MAPEL,147,UPACARA/,TJKN,TJKN,TJKN,TJKN,I,TJKN,TJKN,ISTIRAHAT,BING,BING,SJRH,SJRH,,,,TADARUS &,PKK,PKK,BIND,BIND,BIND,I,BING,BING,ISTIRAHAT,PKPJ,PKPJ,PKPJ,PKPJ,,,,,SHOLAT DHUHA & TADARUS DI LAPANG,BSUN,BSUN,PJOK,PJOK,I,PPJ,PPJ,ISTIRAHAT,PPJ,PPJ,PPJ,PPJ,,,,,,TADARUS &,M. PIL,M. PIL,M. PIL,MATH,MATH,I,MATH,PABP,PABP,ISTIRAHAT,PABP,BPBK,TUGAS,,,,,SENAM &,ASJ,ASJ,ASJ,ASJ,ASJ,ASJ,ISTIRAHAT,TUGAS,PPAN,PPAN,TUGAS,I,,,,,3,2,3,2,2,0,2,3,4,0,0,6,6,6,4,0,2,0,3,1,49,
,,RUANG,148,PERWALIAN,R.33,R.33,R.33,R.33,R,R.33,R.33,DZUHUR,R.55,R.55,R.55,R.55,,,,SARAPAN,R.PUS2,R.PUS2,R.PUS2,R.PUS2,R.PUS2,R,R.PUS2,R.PUS2,DZUHUR,R.38,R.38,R.38,R.38,,,,,KEGIATAN PAK DI R.MEETING,R.PUS2,R.PUS2,LAP,LAP,R,R.29,R.29,DZUHUR,R.38,R.38,R.38,R.38,,,,,,LITERASI ,R.PUS2,R.PUS2,R.PUS2,R.PUS2,R.PUS2,R,R.PUS2,R.PUS2,R.PUS2,DZUHUR,R.PUS2,R.PUS2,MANDIRI,,,,,JUMAT BERSIH,R.40,R.40,R.40,R.40,R.40,R.40,DZUHUR,MANDIRI,R.PUS2,R.PUS2,MANDIRI,R,,,,,,,,,,,,,,,,,,,,,,,,,,
,,GURU,149,,NOGI,NOGI,NOGI,NOGI,A,NOGI,NOGI,MESJID,LIA,LIA,SUDARMI,SUDARMI,,,,BERGIZI,KANIA,KANIA,NURUL,NURUL,NURUL,A,LIA,LIA,MESJID,PRIYO,PRIYO,PRIYO,PRIYO,,,,,,DESTA,DESTA,TAUFIK,TAUFIK,A,ATEP,ATEP,MESJID,ATEP,ATEP,ATEP,ATEP,,,,,,DI KELAS,KANIA,KANIA,KANIA,NOFA,NOFA,A,NOFA,WENI,WENI,MESJID,WENI,HAZAR,,,,,,,DEDI,DEDI,DEDI,DEDI,DEDI,DEDI,MESJID,,ELA,ELA,,A,,,,,,,,,,,,,,,,,,,,,,,,,,
,,,150,,,,,,H,,,,,,,,,,,DI KELAS,,,,,,H,,,,,,,,,,,,,,,,,H,,,,,,,,,,,,,,,,,,,H,,,,,,,,,,,,,,,,,,,,,,,,H,,,,,,,,,,,,,,,,,,,,,,,,,,
,XI TKJ 3,MAPEL,151,UPACARA/,BSUN,BSUN,BING,BING,A,PPJ,PPJ,ISTIRAHAT,PPJ,PPJ,PPJ,PPJ,,,,TADARUS &,ASJ,ASJ,ASJ,ASJ,ASJ,A,ASJ,MATH,ISTIRAHAT,MATH,MATH,SJRH,SJRH,,,,,SHOLAT DHUHA & TADARUS DI LAPANG,PJOK,PJOK,BING,BING,A,PPAN,PPAN,ISTIRAHAT,BPBK,BIND,BIND,BIND,,,,,,TADARUS &,TJKN,TJKN,TJKN,TJKN,TJKN,A,TJKN,M. PIL,M. PIL,ISTIRAHAT,M. PIL,TUGAS,TUGAS,,,,,SENAM &,PKPJ,PKPJ,PKPJ,PKPJ,PKK,PKK,ISTIRAHAT,PABP,PABP,PABP,TUGAS,A,,,,,3,2,3,2,2,0,2,3,4,0,0,6,6,6,4,0,2,0,3,1,49,
,,RUANG,152,PERWALIAN,R.PUS1,R.PUS1,R.PUS1,R.PUS1,T,R.38,R.38,DZUHUR,R.38,R.38,R.38,R.38,,,,SARAPAN,R.40,R.40,R.40,R.40,R.40,T,R.40,R.PUS1,DZUHUR,R.PUS1,R.PUS1,R.PUS1,R.PUS1,,,,,KEGIATAN PAK DI R.MEETING,LAP,LAP,R.PUS1,R.PUS1,T,R.PUS2,R.PUS2,DZUHUR,R.PUS2,R.PUS1,R.PUS1,R.PUS1,,,,,,LITERASI ,R.33,R.33,R.33,R.33,R.33,T,R.33,R.PUS1,R.PUS1,DZUHUR,R.PUS1,MANDIRI,MANDIRI,,,,,JUMAT BERSIH,R.38,R.38,R.38,R.38,R.PUS1,R.PUS1,DZUHUR,R.PUS1,R.PUS1,R.PUS1,MANDIRI,T,,,,,,,,,,,,,,,,,,,,,,,,,,
,,GURU,153,,DESTA,DESTA,LIA,LIA,,ATEP,ATEP,MESJID,ATEP,ATEP,ATEP,ATEP,,,,BERGIZI,HARRY,HARRY,HARRY,HARRY,HARRY,,HARRY,NOFA,MESJID,NOFA,NOFA,SUKMA,SUKMA,,,,,,TAUFIK,TAUFIK,LIA,LIA,,ELA,ELA,MESJID,HAZAR,NURUL,NURUL,NURUL,,,,,,DI KELAS,NOGI,NOGI,NOGI,NOGI,NOGI,,NOGI,KANIA,KANIA,MESJID,KANIA,,,,,,,,PRIYO,PRIYO,PRIYO,PRIYO,KANIA,KANIA,MESJID,WENI,WENI,WENI,,,,,,,,,,,,,,,,,,,,,,,,,,,,
,,,154,,,,,,,,,,,,,,,,,DI KELAS,,,,,,,,,,,,,,,,,,,,,,,,,,,,,,,,,,,,,,,,,,,,,,,,,,,,,,,,,,,,,,,,,,,,,,,,,,,,,,,,,,,,,,,,,,,,
,,,155,,,,,,,,,,,,,,,,,,,,,,,,,,,,,,,,,,,,,,,,,,,,,,,,,,,,,,,,,,,,,,,,,,,,,,,,,,,,,,,,,,,,,,,,PABP,PPAN,BIND,`,,,BJPG,MATH,BING,,,TJKN,PKPJ,ASJ,KJ,MikAC,PKK,,,BPBK,,
,XII TKJ 1,MAPEL,156,UPACARA/,MATH,MATH,MATH,BPBK,,ASJ,ASJ,ISTIRAHAT,ASJ,ASJ,ASJ,ASJ,,,,TADARUS &,BIND,BIND,BIND,BING,BING,,PKK,PKK,ISTIRAHAT,PKK,TUGAS,TUGAS,TUGAS,,,,,SHOLAT DHUHA & TADARUS DI LAPANG,KJ,KJ,KJ,KJ,,TJKN,TJKN,ISTIRAHAT,TJKN,TJKN,TJKN,TJKN,,,,,,TADARUS &,PABP,PABP,PABP,BJPG,BJPG,,PKPJ,PKPJ,ISTIRAHAT,PKPJ,PKPJ,PKPJ,PKPJ,,,,,SENAM &,MikAC,MikAC,MikAC,MikAC,MikAC,MikAC,ISTIRAHAT,PPAN,PPAN,TUGAS,TUGAS,,,,,,3,2,3,0,0,0,2,3,2,0,0,6,6,6,4,6,3,0,0,1,47,
,,,157,PERWALIAN,R.52,R.52,R.52,R.52,,R.40,R.40,DZUHUR,R.40,R.40,R.40,R.40,,,,SARAPAN,R.45,R.45,R.45,R.45,R.45,,R.45,R.45,DZUHUR,R.45,MANDIRI,MANDIRI,MANDIRI,,,,,KEGIATAN PAK DI R.MEETING,R.39,R.39,R.39,R.39,,R.39,R.39,DZUHUR,R.33,R.33,R.33,R.33,,,,,,LITERASI ,R.60B,R.60B,R.60B,R.60B,R.60B,,R.38,R.38,DZUHUR,R.38,R.38,R.38,R.38,,,,,JUMAT BERSIH,R.PUS2,R.PUS2,R.PUS2,R.PUS2,R.PUS2,R.PUS2,DZUHUR,R.19,R.19,MANDIRI,MANDIRI,I,,,,,,,,,,,,,,,,,,,,,,,,,,
,,,158,,NOFA,NOFA,NOFA,EVA,,DEDI,DEDI,MESJID,DEDI,DEDI,DEDI,DEDI,,,,BERGIZI,RINA,RINA,RINA,INDIRA,INDIRA,,RITA,RITA,MESJID,RITA,,,,,,,,,ATEP,ATEP,ATEP,ATEP,,HARRY,HARRY,MESJID,HARRY,HARRY,HARRY,HARRY,,,,,,DI KELAS,WENI,WENI,WENI,RINI,RINI,,PRIYO,PRIYO,MESJID,PRIYO,PRIYO,PRIYO,PRIYO,,,,,,HASAN,HASAN,HASAN,HASAN,HASAN,HASAN,MESJID,TUBAGUS,TUBAGUS,,,S,,,,,,,,,,,,,,,,,,,,,,,,,,
,,,159,,,,,,T,,,,,,,,,,,DI KELAS,,,,,,T,,,,,,,,,,,,,,,,,T,,,,,,,,,,,,,,,,,,,T,,,,,,,,,,,,,,,,,,,,,,,,T,,,,,,,,,,,,,,,,,,,,,,,,,,
,XII TKJ 2,MAPEL,160,UPACARA/,MikAC,MikAC,MikAC,MikAC,,MikAC,MikAC,ISTIRAHAT,PPAN,PPAN,TUGAS,TUGAS,,,,TADARUS &,MATH,MATH,MATH,BIND,BIND,I,BIND,TJKN,ISTIRAHAT,TJKN,TJKN,TJKN,TJKN,TJKN,,,,SHOLAT DHUHA & TADARUS DI LAPANG,PKK,PKK,PKK,BPBK,I,ASJ,ASJ,ISTIRAHAT,ASJ,ASJ,ASJ,ASJ,,,,,,TADARUS &,BJPG,BJPG,TUGAS,PABP,PABP,I,PABP,KJ,KJ,ISTIRAHAT,KJ,KJ,TUGAS,,,,,SENAM &,BING,BING,TUGAS,TUGAS,PKPJ,PKPJ,ISTIRAHAT,PKPJ,PKPJ,PKPJ,PKPJ,I,,,,,3,2,3,0,0,0,2,3,2,0,0,6,6,6,4,6,3,0,0,1,47,
,,,161,PERWALIAN,R.PUS2,R.PUS2,R.PUS2,R.PUS2,,R.PUS2,R.PUS2,DZUHUR,R.PUS2,R.PUS2,MANDIRI,MANDIRI,,,,SARAPAN,R.52,R.52,R.52,R.52,R.52,,R.52,R.33,DZUHUR,R.33,R.33,R.33,R.33,R.33,,,,KEGIATAN PAK DI R.MEETING,R.57,R.57,R.57,R.57,,R.40,R.40,DZUHUR,R.40,R.40,R.40,R.40,,,,,,LITERASI ,R.PUS1,R.PUS1,MANDIRI,R.PUS1,R.PUS1,,R.PUS1,R.33,R.33,DZUHUR,R.33,R.33,MANDIRI,,,,,JUMAT BERSIH,R.47,R.47,MANDIRI,MANDIRI,R.38,R.38,DZUHUR,R.38,R.38,R.38,R.38,R,,,,,,,,,,,,,,,,,,,,,,,,,,
,,,162,,HASAN,HASAN,HASAN,HASAN,,HASAN,HASAN,MESJID,TUBAGUS,TUBAGUS,,,,,,BERGIZI,NOFA,NOFA,NOFA,RINA,RINA,,RINA,HARRY,MESJID,HARRY,HARRY,HARRY,HARRY,HARRY,,,,,RITA,RITA,RITA,EVA,,DEDI,DEDI,MESJID,DEDI,DEDI,DEDI,DEDI,,,,,,DI KELAS,RINI,RINI,,WENI,WENI,,WENI,ATEP,ATEP,MESJID,ATEP,ATEP,,,,,,,INDIRA,INDIRA,,,PRIYO,PRIYO,MESJID,PRIYO,PRIYO,PRIYO,PRIYO,A,,,,,,,,,,,,,,,,,,,,,,,,,,
,,,163,,,,,,,,,,,,,,,,,DI KELAS,,,,,,H,,,,,,,,,,,,,,,,,H,,,,,,,,,,,,,,,,,,,H,,,,,,,,,,,,,,,,,,,,,,,,H,,,,,,,,,,,,,,,,,,,,,,,,,,
,XII TKJ 3,MAPEL,164,UPACARA/,TJKN,TJKN,TJKN,TJKN,A,TJKN,TJKN,ISTIRAHAT,BING,BING,PPAN,PPAN,,,,TADARUS &,MikAC,MikAC,MikAC,MikAC,MikAC,A,MikAC,BIND,,BIND,BIND,TUGAS,TUGAS,,,,,SHOLAT DHUHA & TADARUS DI LAPANG,PKPJ,PKPJ,PKPJ,PKPJ,A,PKPJ,PKPJ,ISTIRAHAT,PKK,PKK,PKK,TUGAS,,,,,,TADARUS &,MATH,MATH,MATH,BPBK,TUGAS,A,ASJ,ASJ,ASJ,ISTIRAHAT,ASJ,ASJ,ASJ,,,,,SENAM &,PABP,PABP,PABP,BJPG,BJPG,TUGAS,ISTIRAHAT,KJ,KJ,KJ,KJ,A,,,,,3,2,3,0,0,0,2,3,2,0,0,6,6,6,4,6,3,0,0,1,47,
,,,165,PERWALIAN,R.40,R.40,R.40,R.40,,R.39,R.39,DZUHUR,R.54,R.54,R.PUS2,R.PUS2,,,,SARAPAN,R.33,R.33,R.33,R.33,R.33,,R.33,R.46,DZUHUR,R.46,R.46,MANDIRI,MANDIRI,,,,,KEGIATAN PAK DI R.MEETING,R.38,R.38,R.38,R.38,,R.38,R.38,DZUHUR,R.58,R.58,R.58,MANDIRI,,,,,,LITERASI ,R.55,R.55,R.55,R.55,MANDIRI,,R.40,R.40,R.40,DZUHUR,R.40,R.40,R.40,,,,,JUMAT BERSIH,R.56,R.56,R.56,R.56,R.56,MANDIRI,DZUHUR,R.33,R.33,R.33,R.33,,,,,,,,,,,,,,,,,,,,,,,,,,,
,,,166,,HARRY,HARRY,HARRY,HARRY,,HARRY,HARRY,MESJID,INDIRA,INDIRA,TUBAGUS,TUBAGUS,,,,BERGIZI,HASAN,HASAN,HASAN,HASAN,HASAN,,HASAN,RINA,MESJID,RINA,RINA,,,,,,,,PRIYO,PRIYO,PRIYO,PRIYO,,PRIYO,PRIYO,MESJID,RITA,RITA,RITA,,,,,,,DI KELAS,SARI,SARI,SARI,EVA,,,DEDI,DEDI,DEDI,MESJID,DEDI,DEDI,DEDI,,,,,,WENI,WENI,WENI,RINI,RINI,,MESJID,ATEP,ATEP,ATEP,ATEP,,,,,,,,,,,,,,,,,,,,,,,,,,,
,,,167,,,,,,,,,,,,,,,,,DI KELAS,,,,,,,,,,,,,,,,,,,,,,,,,,,,,,,,,,,,,,,,,,,,,,,,,,,,,,,,,,,,,,,,,,,,,,,,,,,,,,,,,,,,,,,,,,,,
,,,168,,,,,,,,,,,,,,,,,,,,,,,,,,,,,,,,,,,,,,,,,,,,,,,,,,,,,,,,,,,,,,,,,,,,,,,,,,,,,,,,,,,,,,,,PABP,PPAN,BIND,PJOK,SJRH,SBDY,BSUN,MATH,BING,INFR,IPAS,DPK,,,,,,,,BPBK,,
,X RPL 1,MAPEL,169,UPACARA/,BIND,BIND,DPK,DPK,I,DPK,DPK,ISTIRAHAT,DPK,DPK,IPAS,IPAS,,,,TADARUS &,BPBK,BING,BING,PJOK,PJOK,I,MATH,MATH,ISTIRAHAT,IPAS,IPAS,TUGAS,TUGAS,,,,,SHOLAT DHUHA & TADARUS DI LAPANG,DPK,DPK,DPK,DPK,I,DPK,DPK,ISTIRAHAT,INFR,INFR,INFR,INFR,,,,,,TADARUS &,MATH,MATH,BING,BING,PPAN,I,PPAN,BIND,BIND,ISTIRAHAT,BSUN,BSUN,TUGAS,,,,,SENAM &,IPAS,IPAS,SJRH,SJRH,SBDY,SBDY,ISTIRAHAT,PABP,PABP,PABP,TUGAS,I,,,,,3,2,4,2,2,2,2,4,4,4,6,12,0,0,0,0,0,0,0,1,48,
,,RUANG,170,PERWALIAN,R.51,R.51,R.SAM2,R.SAM2,S,R.SAM2,R.SAM2,DZUHUR,R.SAM2,R.SAM2,R.51,R.51,,,,SARAPAN,R.51,R.51,R.51,LAP,LAP,S,R.51,R.51,DZUHUR,R.51,R.51,MANDIRI,MANDIRI,,,,,KEGIATAN PAK DI R.MEETING,R.41,R.41,R.41,R.41,S,R.41,R.41,DZUHUR,R.34,R.34,R.34,R.34,,,,,,LITERASI ,R.51,R.51,R.51,R.51,R.51,S,R.51,R.51,R.51,DZUHUR,R.51,R.51,MANDIRI,,,,,JUMAT BERSIH,R.51,R.51,R.51,R.51,R.51,R.51,DZUHUR,R.51,R.51,R.51,MANDIRI,S,,,,,,,,,,,,,,,,,,,,,,,,,,
,,GURU,171,,NURUL,NURUL,PURI,PURI,T,PURI,PURI,MESJID,PURI,PURI,ANNISA,ANNISA,,,,BERGIZI,HALIDA,SHENDY,SHENDY,YENI,YENI,T,ETI,ETI,MESJID,ODANG,ODANG,,,,,,,,NUR,NUR,NUR,NUR,T,NUR,NUR,MESJID,JAYA,JAYA,JAYA,JAYA,,,,,,DI KELAS,ETI,ETI,SHENDY,SHENDY,SUKMA,T,SUKMA,NURUL,NURUL,MESJID,DESTA,DESTA,,,,,,,ODANG,ODANG,APRIL,APRIL,ADIW,ADIW,MESJID,SAMSU,SAMSU,SAMSU,,T,,,,,,,,,,,,,,,,,,,,,,,,,,
,,,172,,,,,,H,,,,,,,,,,,DI KELAS,,,,,,H,,,,,,,,,,,,,,,,,H,,,,,,,,,,,,,,,,,,,H,,,,,,,,,,,,,,,,,,,,,,,,R,,,,,,,,,,,,,,,,,,,,,,,,,,
,X RPL 2,MAPEL,173,UPACARA/,INFR,INFR,INFR,INFR,H,IPAS,IPAS,ISTIRAHAT,MATH,MATH,BSUN,BSUN,,,,TADARUS &,DPK,DPK,DPK,DPK,DPK,H,DPK,BING,BING,ISTIRAHAT,BIND,BIND,TUGAS,,,,,SHOLAT DHUHA & TADARUS DI LAPANG,PABP,PABP,PABP,BPBK,H,MATH,MATH,ISTIRAHAT,IPAS,IPAS,BING,BING,,,,,,TADARUS &,DPK,DPK,DPK,DPK,DPK,H,DPK,SBDY,SBDY,ISTIRAHAT,BIND,BIND,TUGAS,,,,,SENAM &,PPAN,PPAN,PJOK,PJOK,IPAS,IPAS,ISTIRAHAT,SJRH,SJRH,TUGAS,TUGAS,H,,,,,3,2,4,2,2,2,2,4,4,4,6,12,0,0,0,0,0,0,0,1,48,
,,RUANG,174,PERWALIAN,R.34,R.34,R.34,R.34,A,R.51,R.51,DZUHUR,R.52,R.52,R.52,R.52,,,,SARAPAN,R.SAM2,R.SAM2,R.SAM2,R.SAM2,R.SAM2,A,R.SAM2,R.52,R.52,DZUHUR,R.52,R.52,MANDIRI,,,,,KEGIATAN PAK DI R.MEETING,R.52,R.52,R.52,R.52,A,R.52,R.52,DZUHUR,R.52,R.52,R.52,R.52,,,,,,LITERASI ,R.41,R.41,R.41,R.41,R.41,A,R.41,R.52,R.52,DZUHUR,R.52,R.52,MANDIRI,,,,,JUMAT BERSIH,R.52,R.52,LAP,LAP,R.52,R.52,DZUHUR,R.52,R.52,MANDIRI,MANDIRI,A,,,,,,,,,,,,,,,,,,,,,,,,,,
,,GURU,175,,SABILA,SABILA,SABILA,SABILA,T,ANNISA,ANNISA,MESJID,ETI,ETI,DESTA,DESTA,,,,BERGIZI,PURI,PURI,PURI,PURI,PURI,T,PURI,SHENDY,SHENDY,MESJID,NURUL,NURUL,,,,,,,SAMSU,SAMSU,SAMSU,HALIDA,T,ETI,ETI,MESJID,ODANG,ODANG,SHENDY,SHENDY,,,,,,DI KELAS,NUR,NUR,NUR,NUR,NUR,T,NUR,ADIW,ADIW,MESJID,NURUL,NURUL,,,,,,,SUKMA,SUKMA,YENI,YENI,ODANG,ODANG,MESJID,APRIL,APRIL,,,T,,,,,,,,,,,,,,,,,,,,,,,,,,
,,,176,,,,,,,,,,,,,,,,,DI KELAS,,,,,,,,,,,,,,,,,,,,,,,,,,,,,,,,,,,,,,,,,,,,,,,,,,,,,,,,,,,,,,,,,,,,,,,,,,,,,,,,,,,,,,,,,,,,
,,,177,,,,,,,,,,,,,,,,,,,,,,,,,,,,,,,,,,,,,,,,,,,,,,,,,,,,,,,,,,,,,,,,,,,,,,,,,,,,,,,,,,,,,,,,PABP,PPAN,BIND,PJOK,SJRH,SBDY,BSUN,MATH,BING,,CLOUD,PWP,PPB,BASDAT,PBT,,PKK,STA,,BPBK,,
,XI RPL 1,MAPEL,178,UPACARA/,SJRH,SJRH,PABP,PABP,I,PABP,BASDAT,BASDAT,ISTIRAHAT,BASDAT,BASDAT,BASDAT,,,,TADARUS &,PPB,PPB,PPB,PPB,PPB,I,BIND,BIND,BIND,ISTIRAHAT,BING,BING,TUGAS,,,,,SHOLAT DHUHA & TADARUS DI LAPANG,CLOUD,CLOUD,PBT,PBT,I,PBT,PBT,ISTIRAHAT,PBT,PBT,PKK,PKK,,,,,,TADARUS &,PJOK,PJOK,BSUN,BSUN,BPBK,I,TUGAS,BING,BING,ISTIRAHAT,MATH,MATH,MATH,,,,,SENAM &,STA,STA,PPAN,PPAN,PWP,PWP,ISTIRAHAT,PWP,PWP,PWP,TUGAS,I,,,,,3,2,3,2,2,0,2,3,4,0,2,5,5,5,6,0,2,2,0,1,49,
,,RUANG,179,PERWALIAN,R.57,R.57,R.57,R.57,S,R.57,R.42,R.42,DZUHUR,R.42,R.42,R.42,,,,SARAPAN,R.42,R.42,R.42,R.42,R.42,S,R.57,R.57,R.57,DZUHUR,R.57,R.57,MANDIRI,,,,,KEGIATAN PAK DI R.MEETING,R.42,R.42,R.SAM2,R.SAM2,S,R.SAM2,R.SAM2,DZUHUR,R.SAM2,R.SAM2,R.57,R.57,,,,,,LITERASI ,LAP,LAP,R.57,R.57,R.57,S,MANDIRI,R.57,R.57,DZUHUR,R.57,R.57,R.57,,,,,JUMAT BERSIH,R.57,R.57,R.57,R.57,R.41,R.41,DZUHUR,R.41,R.41,R.41,MANDIRI,S,,,,,,,,,,,,,,,,,,,,,,,,,,
,,GURU,180,,ELA,ELA,RUKMANA,RUKMANA,T,RUKMANA,PRATIWI,PRATIWI,MESJID,PRATIWI,PRATIWI,PRATIWI,,,,BERGIZI,JAYA,JAYA,JAYA,JAYA,JAYA,T,MELI,MELI,MELI,MESJID,LIA,LIA,,,,,,,PRATIWI,PRATIWI,PURI,PURI,T,PURI,PURI,MESJID,PURI,PURI,ANNISA,ANNISA,,,,,,DI KELAS,TAUFIK,TAUFIK,DESTA,DESTA,HAZAR,T,,LIA,LIA,MESJID,NOFA,NOFA,NOFA,,,,,,DENA,DENA,ELA,ELA,ARI,ARI,MESJID,ARI,ARI,ARI,,T,,,,,,,,,,,,,,,,,,,,,,,,,,
,,,181,,,,,,R,,,,,,,,,,,DI KELAS,,,,,,R,,,,,,,,,,,,,,,,,R,,,,,,,,,,,,,,,,,,,R,,,,,,,,,,,,,,,,,,,,,,,,R,,,,,,,,,,,,,,,,,,,,,,,,,,
,XI RPL 2,MAPEL,182,UPACARA/,PKK,PKK,BIND,BIND,H,BIND,PWP,PWP,ISTIRAHAT,PWP,PWP,PWP,,,,TADARUS &,PJOK,PJOK,BPBK,BING,BING,H,PABP,PABP,ISTIRAHAT,PABP,CLOUD,CLOUD,TUGAS,,,,,SHOLAT DHUHA & TADARUS DI LAPANG,STA,STA,BSUN,BSUN,H,BING,BING,ISTIRAHAT,SJRH,SJRH,PPAN,PPAN,,,,,,TADARUS &,PPB,PPB,PPB,PPB,PPB,H,BASDAT,BASDAT,ISTIRAHAT,BASDAT,BASDAT,BASDAT,TUGAS,,,,,SENAM &,PBT,PBT,PBT,PBT,PBT,PBT,ISTIRAHAT,MATH,MATH,MATH,TUGAS,H,,,,,3,2,3,2,2,0,2,3,4,0,2,5,5,5,6,0,2,2,0,1,49,
,,RUANG,183,PERWALIAN,R.56,R.56,R.56,R.56,A,R.56,R.41,R.41,DZUHUR,R.41,R.41,R.41,,,,SARAPAN,LAP,LAP,R.56,R.56,R.56,A,R.56,R.56,DZUHUR,R.56,R.42,R.42,MANDIRI,,,,,KEGIATAN PAK DI R.MEETING,R.56,R.56,R.56,R.56,A,R.56,R.56,DZUHUR,R.56,R.56,R.56,R.56,,,,,,LITERASI ,R.42,R.42,R.42,R.42,R.42,A,R.42,R.42,DZUHUR,R.42,R.42,R.42,MANDIRI,,,,,JUMAT BERSIH,R.42,R.42,R.42,R.42,R.42,R.42,DZUHUR,R.56,R.56,R.56,MANDIRI,A,,,,,,,,,,,,,,,,,,,,,,,,,,
,,GURU,184,,ODANG,ODANG,MELI,MELI,T,MELI,ARI,ARI,MESJID,ARI,ARI,ARI,,,,BERGIZI,TAUFIK,TAUFIK,HAZAR,LIA,LIA,T,RUKMANA,RUKMANA,MESJID,RUKMANA,PRATIWI,PRATIWI,,,,,,,DENA,DENA,DESTA,DESTA,T,LIA,LIA,MESJID,SUKMA,SUKMA,ELA,ELA,,,,,,DI KELAS,JAYA,JAYA,JAYA,JAYA,JAYA,T,PRATIWI,PRATIWI,MESJID,PRATIWI,PRATIWI,PRATIWI,,,,,,,SABILA,SABILA,SABILA,SABILA,SABILA,SABILA,MESJID,NOFA,NOFA,NOFA,,T,,,,,,,,,,,,,,,,,,,,,,,,,,
,,,185,,,,,,,,,,,,,,,,,DI KELAS,,,,,,,,,,,,,,,,,,,,,,,,,,,,,,,,,,,,,,,,,,,,,,,,,,,,,,,,,,,,,,,,,,,,,,,,,,,,,,,,,,,,,,,,,,,,
,,,186,,,,,,,,,,,,,,,,,,,,,,,,,,,,,,,,,,,,,,,,,,,,,,,,,,,,,,,,,,,,,,,,,,,,,,,,,,,,,,,,,,,,,,,,PABP,PPAN,BIND,,,,BJPG,MATH,BING,,PWP,BASDAT,PBT,PPB,FW/API,,PKK,,,BPBK,,
,XII RPL 1,MAPEL,187,UPACARA/,PKK,PKK,PKK,PKK,I,PKK,PPB,PPB,ISTIRAHAT,PPB,PPB,PPB,,,,TADARUS &,PWP,PWP,PWP,PWP,PWP,I,PWP,BPBK,ISTIRAHAT,BJPG,BJPG,TUGAS,TUGAS,,,,,SHOLAT DHUHA & TADARUS DI LAPANG,PABP,PABP,PABP,PPAN,I,PPAN,BASDAT,ISTIRAHAT,BASDAT,BASDAT,BASDAT,BASDAT,,,,,,TADARUS &,MATH,MATH,MATH,PBT,PBT,I,PBT,PBT,PBT,ISTIRAHAT,PBT,TUGAS,TUGAS,,,,,SENAM &,FW/API,FW/API,FW/API,FW/API,BING,BING,ISTIRAHAT,BIND,BIND,BIND,TUGAS,I,,,,,3,2,3,0,0,0,2,3,2,0,6,5,6,5,4,0,5,0,0,1,47,
,,,188,PERWALIAN,R.41,R.41,R.41,R.53,,R.53,R.SAM1,R.SAM1,DZUHUR,R.SAM1,R.SAM1,R.SAM1,,,,SARAPAN,R.41,R.41,R.41,R.41,R.41,,R.41,R.55,DZUHUR,R.55,R.55,MANDIRI,MANDIRI,,,,,KEGIATAN PAK DI R.MEETING,R.58,R.58,R.58,R.58,,R.58,R.SAM1,DZUHUR,R.SAM1,R.SAM1,R.SAM1,R.SAM1,,,,,,LITERASI ,R.45,R.45,R.45,R.SAM2,R.SAM2,,R.SAM2,R.SAM2,R.SAM2,DZUHUR,R.SAM2,MANDIRI,MANDIRI,,,,,JUMAT BERSIH,R.41,R.41,R.41,R.41,R.57,R.57,DZUHUR,R.57,R.57,R.57,MANDIRI,S,,,,,,,,,,,,,,,,,,,,,,,,,,
,,,189,,JAYA,JAYA,JAYA,ODANG,,ODANG,NUR,NUR,MESJID,NUR,NUR,NUR,,,,BERGIZI,ARI,ARI,ARI,ARI,ARI,,ARI,EVA,MESJID,RINI,RINI,,,,,,,,WENI,WENI,WENI,TUBAGUS,,TUBAGUS,PRATIWI,MESJID,PRATIWI,PRATIWI,PRATIWI,PRATIWI,,,,,,DI KELAS,NOFA,NOFA,NOFA,PURI,PURI,,PURI,PURI,PURI,MESJID,PURI,,,,,,,,NUR,NUR,NUR,NUR,INDIRA,INDIRA,MESJID,REGINA,REGINA,REGINA,,T,,,,,,,,,,,,,,,,,,,,,,,,,,
,,,190,,,,,,R,,,,,,,,,,,DI KELAS,,,,,,R,,,,,,,,,,,,,,,,,R,,,,,,,,,,,,,,,,,,,R,,,,,,,,,,,,,,,,,,,,,,,,I,,,,,,,,,,,,,,,,,,,,,,,,,,
,XII RPL 2,MAPEL,191,UPACARA/,PPB,PPB,PPB,PPB,H,PPB,BJPG,BJPG,ISTIRAHAT,PABP,PABP,PABP,,,,TADARUS &,BASDAT,BASDAT,BASDAT,BASDAT,BASDAT,H,PPAN,PPAN,ISTIRAHAT,MATH,MATH,MATH,TUGAS,,,,,SHOLAT DHUHA & TADARUS DI LAPANG,FW/API,FW/API,FW/API,FW/API,H,PBT,PBT,ISTIRAHAT,PBT,PBT,PBT,PBT,,,,,,TADARUS &,PWP,PWP,PWP,PWP,PWP,H,PWP,PKK,PKK,ISTIRAHAT,BPBK,TUGAS,TUGAS,,,,,SENAM &,PKK,PKK,PKK,BIND,BIND,BIND,ISTIRAHAT,BING,BING,TUGAS,TUGAS,R,,,,,3,2,3,0,0,0,2,3,2,0,6,5,6,5,4,0,5,0,0,1,47,
,,,192,PERWALIAN,R.SAM1,R.SAM1,R.SAM1,R.SAM1,,R.SAM1,R.PUS1,R.PUS1,DZUHUR,R.PUS1,R.PUS1,R.PUS1,,,,SARAPAN,R.SAM1,R.SAM1,R.SAM1,R.SAM1,R.SAM1,,R.SAM1,R. SAM1,DZUHUR,R.SAM1,R.SAM1,R.SAM1,MANDIRI,,,,,KEGIATAN PAK DI R.MEETING,R.SAM1,R.SAM1,R.SAM1,R.SAM1,,R.42,R.42,DZUHUR,R.42,R.42,R.42,R.42,,,,,,LITERASI ,R.SAM1,R.SAM1,R.SAM1,R.SAM1,R.SAM1,,R.SAM1,R.SAM1,R.SAM1,DZUHUR,R.SAM1,MANDIRI,MANDIRI,,,,,JUMAT BERSIH,R.SAM1,R.SAM1,R.SAM1,R.SAM1,R.SAM1,R.SAM1,DZUHUR,R.SAM1,R.SAM1,MANDIRI,MANDIRI,A,,,,,,,,,,,,,,,,,,,,,,,,,,
,,,193,,NUR,NUR,NUR,NUR,,NUR,RINI,RINI,MESJID,WENI,WENI,WENI,,,,BERGIZI,PRATIWI,PRATIWI,PRATIWI,PRATIWI,PRATIWI,,TUBAGUS,TUBAGUS,MESJID,SARI,SARI,SARI,,,,,,,ARI,ARI,ARI,ARI,,SABILA,SABILA,MESJID,SABILA,SABILA,SABILA,SABILA,,,,,,DI KELAS,ARI,ARI,ARI,ARI,ARI,,ARI,ANNISA,ANNISA,MESJID,EVA,,,,,,,,JAYA,JAYA,JAYA,REGINA,REGINA,REGINA,MESJID,INDIRA,INDIRA,,,H,,,,,,,,,,,,,,,,,,,,,,,,,,
,,,194,,,,,,,,,,,,,,,,,DI KELAS,,,,,,,,,,,,,,,,,,,,,,,,,,,,,,,,,,,,,,,,,,,,,,,,,,,,,,,,,,,,,,,,,,A,,,,,,,,,,,,,,,,,,,,,,,,,,
,,,,,,,,,,,,,,,,,,,,,,,,,,,,,,,,,,,,,,,,,,,,,,,,,,,,,,,,,,,,,,,,,,,,,,,,,,,,,,,,,,,,,,T,,,,,,,,,,,,,,,,,,,,,,,,,,